unsigned char data_rtl8192FfwMP[] = {
  0xf1, 0x92, 0x20, 0x00, 0x05, 0x00, 0x00, 0x00, 0x06, 0x28, 0x18, 0x45, 0x6a,
  0x77, 0x02, 0x00, 0xe7, 0x68, 0x00, 0x00, 0x00, 0x00, 0x00, 0x00, 0x00, 0x00,
  0x00, 0x00, 0x00, 0x00, 0x00, 0x00, 0x00, 0x00, 0x00, 0x00, 0x02, 0x86, 0x90,
  0x00, 0x00, 0x00, 0x00, 0x00, 0x00, 0x00, 0x00, 0x00, 0x00, 0x00, 0x00, 0x02,
  0x9e, 0xd1, 0x00, 0x00, 0x00, 0x00, 0x00, 0x00, 0x00, 0x00, 0x00, 0x00, 0x00,
  0x00, 0x00, 0x02, 0xcd, 0x38, 0x00, 0x00, 0x00, 0x00, 0x00, 0x00, 0x00, 0x00,
  0x00, 0x00, 0x00, 0x00, 0x00, 0x00, 0x00, 0x00, 0x00, 0x00, 0x00, 0x00, 0x00,
  0x00, 0x00, 0x00, 0x00, 0x00, 0x00, 0x00, 0x00, 0x02, 0xcc, 0x92, 0x00, 0x00,
  0x00, 0x00, 0x00, 0x02, 0xbe, 0x60, 0x00, 0x00, 0x00, 0x00, 0x00, 0x02, 0xcc,
  0xe2, 0x00, 0x00, 0x00, 0x00, 0x00, 0x02, 0xcd, 0x6c, 0x00, 0x00, 0x00, 0x00,
  0x00, 0x00, 0x00, 0x00, 0x00, 0x00, 0x00, 0x00, 0x00, 0x00, 0x00, 0x00, 0x00,
  0x00, 0x00, 0x00, 0x00, 0x00, 0x00, 0x00, 0x00, 0x00, 0x00, 0x00, 0x00, 0x00,
  0x00, 0x00, 0x00, 0x00, 0x00, 0x00, 0x00, 0x07, 0x07, 0x08, 0x08, 0x09, 0x00,
  0x00, 0x00, 0x06, 0x07, 0x08, 0x09, 0x0a, 0x00, 0x00, 0x00, 0x06, 0x07, 0x08,
  0x09, 0x0a, 0x00, 0x00, 0x00, 0x06, 0x07, 0x08, 0x09, 0x0a, 0x00, 0x00, 0x00,
  0x01, 0x06, 0x07, 0x09, 0x0a, 0x00, 0x00, 0x00, 0x01, 0x02, 0x07, 0x08, 0x09,
  0x00, 0x00, 0x00, 0x01, 0x02, 0x03, 0x08, 0x09, 0x00, 0x00, 0x00, 0x01, 0x02,
  0x03, 0x04, 0x09, 0x00, 0x00, 0x00, 0x01, 0x02, 0x03, 0x04, 0x07, 0x06, 0x07,
  0x08, 0x09, 0x0a, 0x0b, 0x0c, 0x0d, 0x0e, 0x0f, 0x10, 0x11, 0x12, 0x13, 0x14,
  0x32, 0x32, 0x24, 0x32, 0x32, 0x43, 0x4b, 0x43, 0x4b, 0x43, 0x4b, 0x59, 0x32,
  0x32, 0x43, 0x4b, 0x43, 0x4b, 0x59, 0x5a, 0x32, 0x32, 0x43, 0x4b, 0x43, 0x4b,
  0x59, 0x5a, 0x32, 0x32, 0x24, 0x32, 0x32, 0x43, 0x4b, 0x43, 0x4b, 0x43, 0x4b,
  0x59, 0x58, 0x58, 0x58, 0x58, 0x58, 0x58, 0x58, 0x58, 0x58, 0x58, 0x58, 0x58,
  0x58, 0x58, 0x58, 0x58, 0x52, 0x53, 0x54, 0x55, 0x53, 0x54, 0x55, 0x56, 0x57,
  0x58, 0x59, 0x5a, 0x56, 0x57, 0x58, 0x59, 0x5a, 0x5b, 0x5c, 0x5d, 0x56, 0x57,
  0x58, 0x59, 0x5a, 0x5b, 0x5c, 0x5d, 0x00, 0x00, 0x00, 0x01, 0x00, 0x00, 0x01,
  0x01, 0x01, 0x02, 0x02, 0x03, 0x00, 0x01, 0x01, 0x01, 0x01, 0x02, 0x02, 0x03,
  0x00, 0x01, 0x01, 0x02, 0x02, 0x02, 0x02, 0x03, 0x01, 0x01, 0x01, 0x01, 0x01,
  0x02, 0x03, 0x04, 0x05, 0x06, 0x07, 0x08, 0x01, 0x02, 0x03, 0x04, 0x05, 0x06,
  0x07, 0x08, 0x05, 0x06, 0x06, 0x07, 0x08, 0x0a, 0x0b, 0x0c, 0x02, 0x04, 0x08,
  0x10, 0x10, 0x14, 0x18, 0x1c, 0x1c, 0x20, 0x20, 0x20, 0x10, 0x14, 0x18, 0x1c,
  0x1c, 0x20, 0x20, 0x20, 0x10, 0x14, 0x18, 0x1c, 0x1c, 0x20, 0x20, 0x20, 0x01,
  0x04, 0x02, 0x04, 0x04, 0x03, 0x0c, 0x04, 0x0c, 0x03, 0x00, 0x00, 0x01, 0x02,
  0x01, 0x01, 0x02, 0x03, 0x04, 0x06, 0x08, 0x09, 0x01, 0x02, 0x03, 0x04, 0x06,
  0x08, 0x09, 0x0a, 0x02, 0x04, 0x06, 0x08, 0x0c, 0x10, 0x12, 0x14, 0x00, 0x00,
  0x01, 0x02, 0x01, 0x01, 0x02, 0x03, 0x04, 0x06, 0x08, 0x09, 0x01, 0x02, 0x03,
  0x04, 0x06, 0x08, 0x09, 0x0a, 0x02, 0x04, 0x06, 0x08, 0x0c, 0x10, 0x12, 0x14,
  0x00, 0x00, 0x01, 0x02, 0x01, 0x01, 0x02, 0x03, 0x04, 0x06, 0x08, 0x09, 0x01,
  0x02, 0x03, 0x04, 0x06, 0x08, 0x09, 0x0a, 0x0c, 0x0e, 0x02, 0x04, 0x06, 0x08,
  0x0c, 0x10, 0x12, 0x14, 0x18, 0x1b, 0x14, 0x0d, 0x15, 0x0e, 0x15, 0x0f, 0x16,
  0x10, 0x17, 0x11, 0x18, 0x12, 0x18, 0x13, 0x18, 0xff, 0x15, 0x0e, 0x16, 0x10,
  0x17, 0x11, 0x18, 0x12, 0x19, 0xff, 0x1a, 0xff, 0x1b, 0xff, 0x14, 0x0c, 0x14,
  0x0d, 0x0e, 0x14, 0x15, 0x0f, 0x16, 0x10, 0x17, 0x11, 0x12, 0x17, 0x0c, 0xff,
  0x0e, 0x14, 0x15, 0x0f, 0x16, 0x10, 0x13, 0x17, 0x18, 0x13, 0x19, 0x18, 0x1a,
  0x19, 0x19, 0x06, 0x04, 0x02, 0x00, 0x18, 0xff, 0x00, 0x00, 0x00, 0x00, 0x00,
  0x00, 0x00, 0x00, 0x00, 0x00, 0x00, 0x00, 0x00, 0x00, 0x00, 0x00, 0x00, 0x00,
  0x00, 0x00, 0x00, 0x00, 0x00, 0x00, 0x00, 0x00, 0x00, 0x00, 0x00, 0x00, 0x00,
  0x00, 0x00, 0x00, 0x00, 0x00, 0x00, 0x00, 0x00, 0x00, 0x00, 0x00, 0x00, 0x00,
  0x00, 0x00, 0x00, 0x00, 0x00, 0x00, 0x00, 0x00, 0x00, 0x00, 0x00, 0x00, 0x00,
  0x00, 0x00, 0x00, 0x00, 0x00, 0x00, 0x00, 0x00, 0x00, 0x00, 0x00, 0x00, 0x00,
  0x00, 0x00, 0x00, 0x00, 0x00, 0x00, 0x00, 0x00, 0x00, 0x00, 0x00, 0x00, 0x00,
  0x00, 0x00, 0x00, 0x00, 0x00, 0x00, 0x00, 0x00, 0x00, 0x00, 0x00, 0x00, 0x00,
  0x00, 0x00, 0x00, 0x00, 0x00, 0x00, 0x00, 0x00, 0x00, 0x00, 0x00, 0x00, 0x00,
  0x00, 0x00, 0x00, 0x00, 0x00, 0x00, 0x00, 0x00, 0x00, 0x00, 0x00, 0x00, 0x00,
  0x00, 0x00, 0x00, 0x00, 0x00, 0x00, 0x00, 0x00, 0x00, 0x00, 0x00, 0x00, 0x00,
  0x00, 0x00, 0x00, 0x00, 0x00, 0x00, 0x00, 0x00, 0x00, 0x00, 0x00, 0x00, 0x00,
  0x00, 0x00, 0x00, 0x00, 0x00, 0x00, 0x00, 0x00, 0x00, 0x00, 0x00, 0x00, 0x00,
  0x00, 0x00, 0x00, 0x00, 0x00, 0x00, 0x00, 0x00, 0x00, 0x00, 0x00, 0x00, 0x00,
  0x00, 0x00, 0x00, 0x00, 0x00, 0x00, 0x00, 0x00, 0x00, 0x00, 0x00, 0x00, 0x00,
  0x00, 0x00, 0x00, 0x00, 0x00, 0x00, 0x00, 0x00, 0x00, 0x00, 0x00, 0x00, 0x00,
  0x00, 0x00, 0x00, 0x00, 0x00, 0x00, 0x00, 0x00, 0x00, 0x00, 0x00, 0x00, 0x00,
  0x00, 0x00, 0x00, 0x00, 0x00, 0x00, 0x00, 0x00, 0x00, 0x00, 0x00, 0x00, 0x00,
  0x00, 0x00, 0x00, 0x00, 0x00, 0x00, 0x00, 0x00, 0x00, 0x00, 0x00, 0x00, 0x00,
  0x00, 0x00, 0x00, 0x00, 0x00, 0x00, 0x00, 0x00, 0x00, 0x00, 0x00, 0x00, 0x00,
  0x00, 0x00, 0x00, 0x00, 0x00, 0x00, 0x00, 0x00, 0x00, 0x00, 0x00, 0x00, 0x00,
  0x00, 0x00, 0x00, 0xc2, 0xaf, 0x80, 0xfe, 0x32, 0x12, 0x83, 0x34, 0x85, 0xd0,
  0x0b, 0x75, 0xd0, 0x08, 0xaa, 0xe0, 0xc2, 0x8c, 0xe5, 0x8a, 0x24, 0x67, 0xf5,
  0x8a, 0xe5, 0x8c, 0x34, 0x79, 0xf5, 0x8c, 0xd2, 0x8c, 0xec, 0x24, 0x87, 0xf8,
  0xe6, 0xbc, 0x02, 0x02, 0x74, 0xff, 0xc3, 0x95, 0x81, 0xb4, 0x40, 0x00, 0x40,
  0xce, 0x79, 0x03, 0x78, 0x80, 0x16, 0xe6, 0x08, 0x70, 0x0b, 0xc2, 0xaf, 0xe6,
  0x30, 0xe1, 0x03, 0x44, 0x18, 0xf6, 0xd2, 0xaf, 0x08, 0xd9, 0xed, 0xea, 0x8b,
  0xd0, 0x22, 0xe5, 0x0c, 0xff, 0x23, 0x24, 0x81, 0xf8, 0x0f, 0x08, 0x08, 0xbf,
  0x03, 0x04, 0x7f, 0x00, 0x78, 0x81, 0xe6, 0x30, 0xe4, 0xf2, 0x00, 0xe5, 0x0c,
  0xc3, 0x9f, 0x50, 0x20, 0x05, 0x0c, 0x74, 0x86, 0x25, 0x0c, 0xf8, 0xe6, 0xfd,
  0xa6, 0x81, 0x08, 0xe6, 0xae, 0x0c, 0xbe, 0x02, 0x02, 0x74, 0xff, 0xcd, 0xf8,
  0xe8, 0x6d, 0x60, 0xe0, 0x08, 0xe6, 0xc0, 0xe0, 0x80, 0xf6, 0xe5, 0x0c, 0xd3,
  0x9f, 0x40, 0x27, 0xe5, 0x0c, 0x24, 0x87, 0xf8, 0xe6, 0xae, 0x0c, 0xbe, 0x02,
  0x02, 0x74, 0xff, 0xfd, 0x18, 0xe6, 0xcd, 0xf8, 0xe5, 0x81, 0x6d, 0x60, 0x06,
  0xd0, 0xe0, 0xf6, 0x18, 0x80, 0xf5, 0xe5, 0x0c, 0x24, 0x86, 0xc8, 0xf6, 0x15,
  0x0c, 0x80, 0xd3, 0xe5, 0x0c, 0x23, 0x24, 0x81, 0xf8, 0x7f, 0x04, 0xc2, 0xaf,
  0xe6, 0x30, 0xe0, 0x03, 0x10, 0xe2, 0x0c, 0x7f, 0x00, 0x30, 0xe1, 0x07, 0x30,
  0xe3, 0x04, 0x7f, 0x08, 0x54, 0xf4, 0x54, 0x7c, 0xc6, 0xd2, 0xaf, 0x54, 0x80,
  0x42, 0x07, 0x22, 0x78, 0x86, 0xa6, 0x81, 0x74, 0x02, 0x60, 0x06, 0xff, 0x08,
  0x76, 0xff, 0xdf, 0xfb, 0x7f, 0x03, 0xe4, 0x78, 0x80, 0xf6, 0x08, 0xf6, 0x08,
  0xdf, 0xfa, 0x78, 0x81, 0x76, 0x30, 0x90, 0x87, 0x2a, 0x74, 0x01, 0x93, 0xc0,
  0xe0, 0xe4, 0x93, 0xc0, 0xe0, 0x43, 0x89, 0x01, 0x75, 0x8a, 0x60, 0x75, 0x8c,
  0x79, 0xd2, 0x8c, 0xd2, 0xaf, 0x22, 0x02, 0xef, 0xd3, 0x94, 0x02, 0x40, 0x03,
  0x7f, 0xff, 0x22, 0x74, 0x81, 0x2f, 0x2f, 0xf8, 0xe6, 0x20, 0xe5, 0xf4, 0xc2,
  0xaf, 0xe6, 0x44, 0x30, 0xf6, 0xd2, 0xaf, 0xae, 0x0c, 0xee, 0xc3, 0x9f, 0x50,
  0x21, 0x0e, 0x74, 0x86, 0x2e, 0xf8, 0xe6, 0xf9, 0x08, 0xe6, 0x18, 0xbe, 0x02,
  0x02, 0x74, 0xff, 0xfd, 0xed, 0x69, 0x60, 0x09, 0x09, 0xe7, 0x19, 0x19, 0xf7,
  0x09, 0x09, 0x80, 0xf3, 0x16, 0x16, 0x80, 0xda, 0xee, 0xd3, 0x9f, 0x40, 0x04,
  0x05, 0x81, 0x05, 0x81, 0xee, 0xd3, 0x9f, 0x40, 0x22, 0x74, 0x86, 0x2e, 0xf8,
  0x08, 0xe6, 0xf9, 0xee, 0xb5, 0x0c, 0x02, 0xa9, 0x81, 0x18, 0x06, 0x06, 0xe6,
  0xfd, 0xed, 0x69, 0x60, 0x09, 0x19, 0x19, 0xe7, 0x09, 0x09, 0xf7, 0x19, 0x80,
  0xf3, 0x1e, 0x80, 0xd9, 0xef, 0x24, 0x86, 0xf8, 0xe6, 0x04, 0xf8, 0xef, 0x2f,
  0x04, 0x90, 0x87, 0x2a, 0x93, 0xf6, 0x08, 0xef, 0x2f, 0x93, 0xf6, 0x7f, 0x00,
  0x22, 0xef, 0xd3, 0x94, 0x02, 0x40, 0x03, 0x7f, 0xff, 0x22, 0xef, 0x23, 0x24,
  0x81, 0xf8, 0xe6, 0x30, 0xe5, 0xf4, 0xc2, 0xaf, 0xe6, 0x54, 0x8c, 0xf6, 0xd2,
  0xaf, 0xe5, 0x0c, 0xb5, 0x07, 0x0a, 0x74, 0x86, 0x2f, 0xf8, 0xe6, 0xf5, 0x81,
  0x02, 0x83, 0x7d, 0x50, 0x2e, 0x74, 0x87, 0x2f, 0xf8, 0xe6, 0xbf, 0x02, 0x02,
  0x74, 0xff, 0xfd, 0x18, 0xe6, 0xf9, 0x74, 0x86, 0x2f, 0xf8, 0xfb, 0xe6, 0xfc,
  0xe9, 0x6c, 0x60, 0x08, 0xa8, 0x05, 0xe7, 0xf6, 0x1d, 0x19, 0x80, 0xf4, 0xa8,
  0x03, 0xa6, 0x05, 0x1f, 0xe5, 0x0c, 0xb5, 0x07, 0xe3, 0x7f, 0x00, 0x22, 0x74,
  0x87, 0x2f, 0xf8, 0xe6, 0xfd, 0x18, 0x86, 0x01, 0x0f, 0x74, 0x86, 0x2f, 0xf8,
  0xa6, 0x01, 0x08, 0x86, 0x04, 0xe5, 0x0c, 0xb5, 0x07, 0x02, 0xac, 0x81, 0xed,
  0x6c, 0x60, 0x08, 0x0d, 0x09, 0xa8, 0x05, 0xe6, 0xf7, 0x80, 0xf4, 0xe5, 0x0c,
  0xb5, 0x07, 0xde, 0x89, 0x81, 0x7f, 0x00, 0x22, 0xef, 0xd3, 0x94, 0x02, 0x40,
  0x03, 0x7f, 0xff, 0x22, 0xef, 0x23, 0x24, 0x81, 0xf8, 0xc2, 0xaf, 0xe6, 0x30,
  0xe5, 0x05, 0x30, 0xe0, 0x02, 0xd2, 0xe4, 0xd2, 0xe2, 0xc6, 0xd2, 0xaf, 0x7f,
  0x00, 0x30, 0xe2, 0x01, 0x0f, 0x02, 0x83, 0x7c, 0x8f, 0xf0, 0xe4, 0xff, 0xfe,
  0xe5, 0x0c, 0x23, 0x24, 0x80, 0xf8, 0xc2, 0xa9, 0x30, 0xf7, 0x0d, 0x7f, 0x08,
  0xe6, 0x60, 0x0b, 0x2d, 0xf6, 0x60, 0x30, 0x50, 0x2e, 0x80, 0x07, 0x30, 0xf1,
  0x06, 0xed, 0xf6, 0x60, 0x25, 0x7e, 0x02, 0x08, 0x30, 0xf0, 0x10, 0xc2, 0xaf,
  0xe6, 0x10, 0xe7, 0x23, 0x0e, 0x30, 0xe2, 0x0c, 0xd2, 0xaf, 0x7f, 0x04, 0x80,
  0x12, 0xc2, 0xaf, 0xe6, 0x10, 0xe7, 0x13, 0x54, 0xec, 0x4e, 0xf6, 0xd2, 0xaf,
  0x02, 0x83, 0x7d, 0x7f, 0x08, 0x08, 0xef, 0x44, 0x83, 0xf4, 0xc2, 0xaf, 0x56,
  0xc6, 0xd2, 0xaf, 0x54, 0x80, 0x4f, 0xff, 0x22, 0xf8, 0xbb, 0x01, 0x11, 0xe5,
  0x82, 0x29, 0xf5, 0x82, 0xe5, 0x83, 0x3a, 0xf5, 0x83, 0xe8, 0xf0, 0xe5, 0xf0,
  0xa3, 0xf0, 0x22, 0x50, 0x09, 0xe9, 0x25, 0x82, 0xc8, 0xf6, 0x08, 0xa6, 0xf0,
  0x22, 0xbb, 0xfe, 0x09, 0xe9, 0x25, 0x82, 0xc8, 0xf2, 0xe5, 0xf0, 0x08, 0xf2,
  0x22, 0xef, 0x2b, 0xff, 0xee, 0x3a, 0xfe, 0xed, 0x39, 0xfd, 0xec, 0x38, 0xfc,
  0x22, 0xc3, 0xef, 0x9b, 0xff, 0xee, 0x9a, 0xfe, 0xed, 0x99, 0xfd, 0xec, 0x98,
  0xfc, 0x22, 0xef, 0x5b, 0xff, 0xee, 0x5a, 0xfe, 0xed, 0x59, 0xfd, 0xec, 0x58,
  0xfc, 0x22, 0xef, 0x4b, 0xff, 0xee, 0x4a, 0xfe, 0xed, 0x49, 0xfd, 0xec, 0x48,
  0xfc, 0x22, 0xc3, 0xe4, 0x9f, 0xff, 0xe4, 0x9e, 0xfe, 0xe4, 0x9d, 0xfd, 0xe4,
  0x9c, 0xfc, 0x22, 0xe0, 0xf8, 0xa3, 0xe0, 0xf9, 0xa3, 0xe0, 0xfa, 0xa3, 0xe0,
  0xfb, 0x22, 0xa4, 0x25, 0x82, 0xf5, 0x82, 0xe5, 0xf0, 0x35, 0x83, 0xf5, 0x83,
  0x22, 0xeb, 0xf0, 0xa3, 0xea, 0xf0, 0xa3, 0xe9, 0xf0, 0x22, 0xd0, 0x83, 0xd0,
  0x82, 0xf8, 0xe4, 0x93, 0x70, 0x12, 0x74, 0x01, 0x93, 0x70, 0x0d, 0xa3, 0xa3,
  0x93, 0xf8, 0x74, 0x01, 0x93, 0xf5, 0x82, 0x88, 0x83, 0xe4, 0x73, 0x74, 0x02,
  0x93, 0x68, 0x60, 0xef, 0xa3, 0xa3, 0xa3, 0x80, 0xdf, 0x02, 0x86, 0xce, 0x02,
  0x84, 0x0d, 0xe4, 0x93, 0xa3, 0xf8, 0xe4, 0x93, 0xa3, 0x40, 0x03, 0xf6, 0x80,
  0x01, 0xf2, 0x08, 0xdf, 0xf4, 0x80, 0x29, 0xe4, 0x93, 0xa3, 0xf8, 0x54, 0x07,
  0x24, 0x0c, 0xc8, 0xc3, 0x33, 0xc4, 0x54, 0x0f, 0x44, 0x20, 0xc8, 0x83, 0x40,
  0x04, 0xf4, 0x56, 0x80, 0x01, 0x46, 0xf6, 0xdf, 0xe4, 0x80, 0x0b, 0x01, 0x02,
  0x04, 0x08, 0x10, 0x20, 0x40, 0x80, 0x90, 0x87, 0x13, 0xe4, 0x7e, 0x01, 0x93,
  0x60, 0xbc, 0xa3, 0xff, 0x54, 0x3f, 0x30, 0xe5, 0x09, 0x54, 0x1f, 0xfe, 0xe4,
  0x93, 0xa3, 0x60, 0x01, 0x0e, 0xcf, 0x54, 0xc0, 0x25, 0xe0, 0x60, 0xa8, 0x40,
  0xb8, 0xe4, 0x93, 0xa3, 0xfa, 0xe4, 0x93, 0xa3, 0xf8, 0xe4, 0x93, 0xa3, 0xc8,
  0xc5, 0x82, 0xc8, 0xca, 0xc5, 0x83, 0xca, 0xf0, 0xa3, 0xc8, 0xc5, 0x82, 0xc8,
  0xca, 0xc5, 0x83, 0xca, 0xdf, 0xe9, 0xde, 0xe7, 0x80, 0xbe, 0x41, 0xcd, 0x71,
  0x00, 0x44, 0xcd, 0x2d, 0x41, 0x4e, 0x59, 0x00, 0x44, 0xcd, 0x29, 0x61, 0x6e,
  0x79, 0x00, 0x41, 0xcd, 0x74, 0x00, 0x00, 0xc3, 0x1d, 0xca, 0xab, 0x8f, 0x5e,
  0x90, 0xcd, 0x6d, 0xef, 0xf0, 0x7f, 0x02, 0xb1, 0x57, 0x90, 0xa4, 0x5f, 0xe0,
  0xff, 0x90, 0xcd, 0x6d, 0xe0, 0xfe, 0xef, 0x4e, 0x90, 0xa4, 0x5f, 0xf0, 0x22,
  0x90, 0x02, 0x09, 0xe0, 0xfd, 0x12, 0x02, 0x06, 0xfe, 0xaf, 0x05, 0xed, 0x2e,
  0x90, 0xa4, 0x67, 0xf1, 0x90, 0xff, 0xed, 0x2f, 0x90, 0xa4, 0x68, 0xf1, 0xdb,
  0xff, 0xed, 0x2f, 0x90, 0xa4, 0x69, 0xf1, 0x97, 0xff, 0xed, 0x2f, 0x90, 0xa4,
  0x6a, 0xf1, 0x9e, 0xff, 0xed, 0x2f, 0x90, 0xa4, 0x6b, 0x12, 0xb7, 0xb4, 0xff,
  0xed, 0x2f, 0x90, 0xa4, 0x6c, 0x12, 0xb7, 0xad, 0xff, 0xae, 0x05, 0xed, 0x2f,
  0x90, 0xa4, 0x6d, 0xf0, 0x22, 0xf0, 0x90, 0x00, 0x01, 0x02, 0x02, 0x1f, 0xf0,
  0x90, 0x00, 0x03, 0x02, 0x02, 0x1f, 0xf0, 0x90, 0x00, 0x04, 0x02, 0x02, 0x1f,
  0x12, 0x02, 0x06, 0xff, 0xc3, 0x94, 0x80, 0x50, 0x2b, 0xf1, 0x9f, 0xfe, 0x75,
  0xf0, 0x12, 0xef, 0xf1, 0xf7, 0xee, 0xf1, 0x97, 0xf1, 0xe2, 0xee, 0xf1, 0xdb,
  0xfe, 0x75, 0xf0, 0x12, 0xef, 0xf1, 0xf2, 0xee, 0xf0, 0xf1, 0xe3, 0xe0, 0x30,
  0xe5, 0x0b, 0x75, 0xf0, 0x12, 0xef, 0xf1, 0xf2, 0xe0, 0xfd, 0x12, 0xc5, 0x81,
  0x22, 0x4f, 0xf0, 0x90, 0x00, 0x02, 0x02, 0x02, 0x1f, 0xfe, 0x75, 0xf0, 0x12,
  0xef, 0x90, 0xb8, 0x0d, 0xc1, 0x55, 0xf0, 0x75, 0xf0, 0x12, 0xe5, 0x63, 0x90,
  0xb8, 0x0c, 0xc1, 0x55, 0x90, 0xb8, 0x15, 0xc1, 0x55, 0x90, 0xc9, 0xad, 0x12,
  0x86, 0x61, 0x90, 0xc9, 0x98, 0xe0, 0x70, 0x12, 0x11, 0xcc, 0x12, 0x02, 0x06,
  0x13, 0x13, 0x54, 0x3f, 0x30, 0xe0, 0x06, 0x90, 0xc9, 0x9e, 0x74, 0x01, 0xf0,
  0x90, 0xc9, 0x9a, 0xe0, 0x70, 0x12, 0x11, 0xcc, 0x12, 0x02, 0x06, 0xc4, 0x54,
  0x0f, 0xff, 0xbf, 0x05, 0x06, 0x90, 0xc9, 0x9f, 0x74, 0x01, 0xf0, 0x11, 0xcc,
  0x12, 0x87, 0x91, 0xff, 0x90, 0xc9, 0xb1, 0xf0, 0x12, 0x02, 0x06, 0xc3, 0x13,
  0x30, 0xe0, 0x0b, 0x11, 0xcc, 0x12, 0x87, 0xdc, 0x90, 0xc9, 0xb2, 0xf0, 0x80,
  0x05, 0x90, 0xc9, 0xb2, 0xef, 0xf0, 0x90, 0xc9, 0xb1, 0xe0, 0x90, 0xc9, 0xb0,
  0xf0, 0x90, 0xc9, 0xb2, 0xe0, 0xfe, 0x90, 0xc9, 0xb0, 0xe0, 0xff, 0xd3, 0x9e,
  0x50, 0x39, 0x11, 0xcc, 0x12, 0x02, 0x06, 0x54, 0x01, 0xfd, 0x12, 0x6e, 0xb0,
  0x90, 0xc9, 0xb0, 0xe0, 0xff, 0x12, 0x77, 0x65, 0xef, 0x90, 0xc9, 0xb0, 0x70,
  0x06, 0xe0, 0xff, 0xf1, 0xed, 0x80, 0x05, 0xe0, 0xff, 0x12, 0xc7, 0xfd, 0x90,
  0xc9, 0x9f, 0xe0, 0x60, 0x07, 0x90, 0xc9, 0xb0, 0xe0, 0xff, 0xf1, 0xed, 0x90,
  0xc9, 0xb0, 0xe0, 0x04, 0xf0, 0x80, 0xb9, 0x90, 0x05, 0x5e, 0xe4, 0xf0, 0x90,
  0xc9, 0xb1, 0xe0, 0x70, 0x17, 0xff, 0x12, 0x77, 0x65, 0xef, 0x70, 0x10, 0x11,
  0xda, 0x90, 0xa9, 0x64, 0x11, 0xdd, 0x12, 0xb7, 0xcb, 0x54, 0xbf, 0xf0, 0x54,
  0x7f, 0xf0, 0x22, 0x90, 0xc9, 0xad, 0x12, 0x86, 0x61, 0x90, 0xc9, 0xad, 0x02,
  0x05, 0xdc, 0xe4, 0xfb, 0xfd, 0x7f, 0xff, 0x12, 0x05, 0x71, 0x90, 0xa3, 0xbc,
  0xe0, 0xfe, 0xa3, 0xe0, 0xaa, 0x06, 0xf9, 0x02, 0x05, 0x6d, 0xd3, 0x10, 0xaf,
  0x01, 0xc3, 0xc0, 0xd0, 0x90, 0xcd, 0x72, 0xed, 0xf0, 0x90, 0xa5, 0xf2, 0xe0,
  0xfe, 0xc4, 0x13, 0x13, 0x54, 0x03, 0x30, 0xe0, 0x02, 0x41, 0x52, 0xee, 0xf1,
  0xd8, 0x30, 0xe0, 0x02, 0x41, 0x52, 0x90, 0xa5, 0xfa, 0xe0, 0xfe, 0x6f, 0x70,
  0x02, 0x41, 0x52, 0xef, 0x70, 0x02, 0x21, 0xb1, 0x24, 0xfe, 0x70, 0x02, 0x21,
  0xf6, 0x24, 0xfe, 0x60, 0x4f, 0x24, 0xfc, 0x70, 0x02, 0x41, 0x3b, 0x24, 0xfc,
  0x60, 0x02, 0x41, 0x4b, 0xee, 0xb4, 0x0e, 0x03, 0x12, 0x70, 0xa7, 0x90, 0xa5,
  0xfa, 0xe0, 0x70, 0x05, 0x7f, 0x01, 0x12, 0x78, 0xb6, 0x90, 0xa5, 0xfa, 0xe0,
  0xb4, 0x06, 0x03, 0x12, 0x70, 0x6a, 0x90, 0xa5, 0xfa, 0xe0, 0xb4, 0x04, 0x11,
  0x90, 0xcd, 0x72, 0xe0, 0xff, 0x60, 0x05, 0x12, 0x69, 0x0c, 0x80, 0x05, 0x90,
  0xa9, 0x64, 0x11, 0xdd, 0x90, 0xa5, 0xfa, 0xe0, 0x64, 0x08, 0x60, 0x02, 0x41,
  0x4b, 0x12, 0xf4, 0x3b, 0x41, 0x4b, 0x90, 0xa5, 0xfa, 0xe0, 0x70, 0x05, 0x7f,
  0x01, 0x12, 0x78, 0xb6, 0x90, 0xa5, 0xfa, 0xe0, 0xb4, 0x06, 0x03, 0x12, 0x70,
  0x6a, 0x90, 0xa5, 0xfa, 0xe0, 0xb4, 0x0e, 0x0b, 0x90, 0xa3, 0xb0, 0x11, 0xdd,
  0xbf, 0x01, 0x03, 0x12, 0x70, 0xa7, 0x12, 0xb5, 0x5a, 0x60, 0x02, 0x41, 0x4b,
  0x90, 0xa3, 0xb0, 0x11, 0xdd, 0xef, 0x64, 0x01, 0x60, 0x02, 0x41, 0x4b, 0x12,
  0x69, 0x5c, 0x41, 0x4b, 0x90, 0xa5, 0xfa, 0xe0, 0xb4, 0x0e, 0x0b, 0x90, 0xa3,
  0xb0, 0x11, 0xdd, 0xbf, 0x01, 0x03, 0x12, 0x70, 0xa7, 0x90, 0xa5, 0xfa, 0xe0,
  0xb4, 0x06, 0x03, 0x12, 0x70, 0x6a, 0x90, 0xa5, 0xfa, 0xe0, 0xb4, 0x0c, 0x0b,
  0x90, 0xa3, 0xb0, 0x11, 0xdd, 0xbf, 0x01, 0x03, 0x12, 0x69, 0x5c, 0x90, 0xa5,
  0xfa, 0xe0, 0x64, 0x04, 0x70, 0x64, 0x90, 0xa3, 0xb2, 0x11, 0xdd, 0xef, 0x64,
  0x01, 0x70, 0x5a, 0x12, 0x72, 0xe7, 0x80, 0x55, 0x90, 0xa5, 0xfa, 0xe0, 0xb4,
  0x0e, 0x0b, 0x90, 0xa3, 0xb0, 0x11, 0xdd, 0xbf, 0x01, 0x03, 0x12, 0x70, 0xa7,
  0x90, 0xa5, 0xfa, 0xe0, 0xb4, 0x06, 0x03, 0x12, 0x70, 0x6a, 0x90, 0xa5, 0xfa,
  0xe0, 0xb4, 0x0c, 0x0b, 0x90, 0xa3, 0xb0, 0x11, 0xdd, 0xbf, 0x01, 0x03, 0x12,
  0x69, 0x5c, 0x90, 0xa5, 0xfa, 0xe0, 0x70, 0x05, 0x7f, 0x01, 0x12, 0x78, 0xb6,
  0x90, 0xa5, 0xfa, 0xe0, 0xb4, 0x04, 0x15, 0x12, 0x79, 0xb2, 0x80, 0x10, 0x90,
  0xa5, 0xfa, 0xe0, 0xb4, 0x0c, 0x09, 0x12, 0xbd, 0x93, 0x30, 0xe0, 0x03, 0x12,
  0xf4, 0x0a, 0x90, 0xa5, 0xfa, 0x12, 0xf6, 0xb6, 0xf0, 0xd0, 0xd0, 0x92, 0xaf,
  0x22, 0xd3, 0x10, 0xaf, 0x01, 0xc3, 0xc0, 0xd0, 0x11, 0xc6, 0x12, 0xa0, 0x06,
  0x7a, 0xa7, 0x79, 0x74, 0x12, 0x6b, 0x33, 0x11, 0xcc, 0x12, 0x02, 0x06, 0x20,
  0xe0, 0x02, 0x61, 0x91, 0x90, 0x05, 0x54, 0xe0, 0x90, 0xa7, 0x85, 0xf0, 0xe0,
  0xc3, 0x13, 0x90, 0xa7, 0x84, 0xf0, 0x90, 0xa7, 0x77, 0xe0, 0xc4, 0x54, 0x0f,
  0x30, 0xe0, 0x09, 0x12, 0x87, 0x91, 0x90, 0xa7, 0x75, 0xf0, 0x80, 0x21, 0x12,
  0x87, 0x91, 0xff, 0xc3, 0x94, 0x2a, 0x50, 0x12, 0xef, 0xc3, 0x94, 0x03, 0x90,
  0xa7, 0x75, 0x50, 0x05, 0x74, 0x03, 0xf0, 0x80, 0x0a, 0xef, 0xf0, 0x80, 0x06,
  0x90, 0xa7, 0x75, 0x74, 0x2a, 0xf0, 0x90, 0xa7, 0x78, 0x12, 0xce, 0x08, 0x30,
  0xe0, 0x14, 0x90, 0xa7, 0x75, 0xe0, 0xc3, 0x13, 0x90, 0xa7, 0x7e, 0xf0, 0x90,
  0xa7, 0x75, 0xe0, 0xc3, 0x13, 0x90, 0xa7, 0x80, 0xf0, 0x12, 0xf7, 0x57, 0x30,
  0xe0, 0x18, 0x12, 0xf7, 0x17, 0x30, 0xe0, 0x0c, 0x90, 0xa9, 0x08, 0xb1, 0x9b,
  0x7d, 0x04, 0x7f, 0x02, 0x12, 0x05, 0x71, 0x12, 0xf7, 0x5f, 0x74, 0x11, 0xf0,
  0x90, 0xa7, 0x74, 0xe0, 0x13, 0x13, 0x54, 0x3f, 0x30, 0xe0, 0x35, 0x90, 0xa7,
  0xaf, 0x74, 0x01, 0xf0, 0xe4, 0xa3, 0xf0, 0x90, 0x06, 0xc7, 0xe0, 0xfe, 0x90,
  0x06, 0xc6, 0xe0, 0x7c, 0x00, 0x12, 0x9e, 0xc9, 0xfd, 0x78, 0x10, 0x12, 0x9b,
  0xff, 0x90, 0x06, 0xc5, 0xe0, 0xfe, 0x90, 0x06, 0xc4, 0xe0, 0x7c, 0x00, 0x12,
  0x9e, 0xc9, 0xfd, 0x12, 0x86, 0x2e, 0x90, 0xa7, 0xab, 0x12, 0x04, 0xe0, 0x90,
  0xa7, 0x76, 0xe0, 0x13, 0x13, 0x54, 0x3f, 0x30, 0xe0, 0x15, 0x90, 0xc9, 0xab,
  0xe0, 0x20, 0xe0, 0x07, 0x54, 0x01, 0x44, 0x64, 0xf0, 0x80, 0x07, 0x90, 0xc9,
  0xab, 0xe0, 0x54, 0xfe, 0xf0, 0x90, 0x05, 0x58, 0x74, 0x02, 0xf0, 0x90, 0xa7,
  0x7c, 0xe0, 0xff, 0xb4, 0x01, 0x08, 0x90, 0xa7, 0x87, 0x74, 0x01, 0xf0, 0x80,
  0x22, 0xef, 0xb4, 0x04, 0x08, 0x90, 0xa7, 0x87, 0x74, 0x04, 0xf0, 0x80, 0x16,
  0xef, 0xb4, 0x06, 0x08, 0x90, 0xa7, 0x87, 0x74, 0x02, 0xf0, 0x80, 0x0a, 0xef,
  0xb4, 0x07, 0x06, 0x90, 0xa7, 0x87, 0x74, 0x05, 0xf0, 0xe4, 0x90, 0xa7, 0x7c,
  0xf0, 0x80, 0x41, 0x90, 0xa9, 0x68, 0x11, 0xdd, 0x90, 0xa7, 0xdc, 0xe0, 0x90,
  0x00, 0x40, 0x30, 0xe0, 0x08, 0xe0, 0x54, 0x0f, 0x44, 0xa0, 0xf0, 0x80, 0x06,
  0xe0, 0x54, 0x0f, 0x44, 0x20, 0xf0, 0x11, 0xcc, 0x12, 0x87, 0x98, 0x13, 0x13,
  0x13, 0x54, 0x1f, 0x30, 0xe0, 0x04, 0x7f, 0x03, 0x80, 0x02, 0x7f, 0x01, 0x12,
  0x70, 0x2d, 0x90, 0xa9, 0x06, 0xb1, 0x9b, 0x12, 0xb9, 0x0c, 0x12, 0xf7, 0x5f,
  0x74, 0x43, 0xf0, 0x90, 0xa7, 0x7a, 0xe0, 0x54, 0xdf, 0xf0, 0xe4, 0x90, 0xa7,
  0x86, 0xf0, 0xf1, 0xd4, 0x30, 0xe0, 0x09, 0x90, 0xa7, 0xbb, 0xe0, 0x44, 0x02,
  0xf0, 0x80, 0x11, 0x90, 0xa9, 0x12, 0xb1, 0x9b, 0x7f, 0x01, 0x12, 0x05, 0x71,
  0x90, 0xa7, 0xbb, 0xe0, 0x54, 0xfd, 0xf0, 0x90, 0xa9, 0x54, 0xb1, 0x9b, 0x7f,
  0x03, 0x12, 0x05, 0x71, 0x90, 0xa7, 0x74, 0xe0, 0x20, 0xe0, 0x07, 0x90, 0xa7,
  0x78, 0xe0, 0x54, 0xbf, 0xf0, 0xd0, 0xd0, 0x92, 0xaf, 0x22, 0x90, 0xcd, 0x43,
  0x12, 0x86, 0x61, 0x90, 0xcd, 0x42, 0xef, 0xf0, 0x12, 0x86, 0x6a, 0x8c, 0xaa,
  0x00, 0x8c, 0xaf, 0x01, 0x8c, 0xb4, 0x06, 0x8c, 0xc5, 0x08, 0x8c, 0xca, 0x09,
  0x8c, 0xcf, 0x0a, 0x8c, 0xd4, 0x0c, 0x8c, 0xd9, 0x0d, 0x8c, 0xde, 0x12, 0x8c,
  0xe3, 0x13, 0x8c, 0xe8, 0x14, 0x8c, 0xed, 0x1e, 0x8c, 0xf2, 0x20, 0x8c, 0xf7,
  0x25, 0x8c, 0xfc, 0x26, 0x8d, 0x01, 0x40, 0x8d, 0x06, 0x42, 0x8d, 0x0b, 0x43,
  0x8d, 0x10, 0x44, 0x8d, 0x82, 0x47, 0x8d, 0x15, 0x49, 0x8d, 0x1a, 0x60, 0x8d,
  0x1e, 0x61, 0x8d, 0x23, 0x62, 0x8d, 0x28, 0x63, 0x8d, 0x2d, 0x64, 0x8d, 0x32,
  0x65, 0x8d, 0x37, 0x66, 0x8d, 0x3c, 0x67, 0x8d, 0x41, 0x68, 0x8d, 0x46, 0x69,
  0x8d, 0x4b, 0x6c, 0x8d, 0x50, 0x6d, 0x8d, 0x55, 0x6e, 0x8d, 0x5a, 0x6f, 0x8d,
  0x5f, 0x70, 0x8d, 0x64, 0xc2, 0x8d, 0x69, 0xc3, 0x8d, 0x6e, 0xc4, 0x8c, 0xb9,
  0xc6, 0x8c, 0xb9, 0xc7, 0x8c, 0xb9, 0xc8, 0x00, 0x00, 0x8d, 0x73, 0xb1, 0x83,
  0x02, 0x87, 0x4a, 0xb1, 0x83, 0x02, 0x87, 0xfc, 0xb1, 0x83, 0x02, 0xc8, 0x8b,
  0x90, 0xcd, 0x42, 0xe0, 0xff, 0xa3, 0x12, 0x05, 0xdc, 0x02, 0xc9, 0x29, 0xb1,
  0x83, 0x02, 0x98, 0x01, 0xb1, 0x83, 0x02, 0x9f, 0xf9, 0xb1, 0x83, 0x02, 0xa0,
  0x12, 0xb1, 0x83, 0x02, 0xf4, 0xd0, 0xb1, 0x83, 0x02, 0xad, 0xa0, 0xb1, 0x83,
  0x02, 0xa0, 0x1e, 0xb1, 0x83, 0x02, 0xa7, 0xf6, 0xb1, 0x83, 0x02, 0xaf, 0xf1,
  0xb1, 0x83, 0x02, 0xb0, 0x00, 0xb1, 0x83, 0x02, 0xb0, 0xb7, 0xb1, 0x83, 0x02,
  0xb7, 0xef, 0xb1, 0x83, 0x02, 0xb8, 0x2f, 0xb1, 0x83, 0x02, 0xef, 0xd6, 0xb1,
  0x83, 0x02, 0x87, 0xa5, 0xb1, 0x83, 0x02, 0xa0, 0xf8, 0xb1, 0x83, 0x02, 0xdd,
  0x91, 0xb1, 0x83, 0x02, 0xc6, 0xf8, 0xb1, 0x83, 0x41, 0x57, 0xb1, 0x83, 0x02,
  0x5d, 0xb4, 0xb1, 0x83, 0x02, 0x7c, 0x6d, 0xb1, 0x83, 0x02, 0x66, 0x1e, 0xb1,
  0x83, 0x02, 0x60, 0x10, 0xb1, 0x83, 0x02, 0x7b, 0xdd, 0xb1, 0x83, 0x02, 0x6a,
  0x99, 0xb1, 0x83, 0x02, 0x47, 0xda, 0xb1, 0x83, 0x02, 0x66, 0x73, 0xb1, 0x83,
  0x02, 0xb1, 0xbf, 0xb1, 0x83, 0x02, 0x78, 0x4d, 0xb1, 0x83, 0x02, 0x5b, 0x3e,
  0xb1, 0x83, 0x02, 0x74, 0x87, 0xb1, 0x83, 0x02, 0x77, 0xdc, 0xb1, 0x83, 0x02,
  0x67, 0x1d, 0xb1, 0x83, 0x02, 0xc0, 0x04, 0xb1, 0x83, 0x02, 0xc0, 0x11, 0xb1,
  0x83, 0x02, 0xc7, 0xe9, 0x90, 0x01, 0xc0, 0xe0, 0x44, 0x01, 0xf0, 0x90, 0xcd,
  0x42, 0xe0, 0x90, 0x01, 0xc2, 0xf0, 0x22, 0x90, 0xcd, 0x43, 0x02, 0x05, 0xdc,
  0x90, 0xa8, 0xf2, 0xe0, 0xfe, 0xa3, 0xe0, 0xff, 0xf5, 0x82, 0x8e, 0x83, 0x12,
  0x05, 0x71, 0x90, 0xa8, 0xf4, 0xe0, 0xfe, 0xa3, 0xe0, 0xf5, 0x82, 0x8e, 0x83,
  0x22, 0x90, 0xc9, 0x8d, 0xe0, 0x30, 0xe0, 0x5e, 0xc4, 0x54, 0x0f, 0x20, 0xe0,
  0x1e, 0x12, 0xf6, 0xfc, 0x12, 0xaf, 0x08, 0x90, 0xa9, 0x06, 0xb1, 0x9b, 0x11,
  0xd2, 0x12, 0xb7, 0x98, 0x30, 0xe0, 0x08, 0x90, 0xa9, 0x08, 0xb1, 0x9b, 0x12,
  0xb7, 0x83, 0x02, 0xb7, 0xbb, 0x90, 0xc9, 0x8d, 0xe0, 0xc4, 0x54, 0x0f, 0x30,
  0xe0, 0x30, 0xe4, 0x90, 0xae, 0x5b, 0xf0, 0x90, 0xc9, 0x90, 0x12, 0xaf, 0x08,
  0x90, 0xc9, 0x8d, 0xe0, 0x54, 0xef, 0xf0, 0xe0, 0xc3, 0x13, 0x30, 0xe0, 0x0c,
  0x90, 0xa9, 0x08, 0xb1, 0x9b, 0x7d, 0x04, 0x7f, 0x01, 0x02, 0x05, 0x71, 0x90,
  0xa9, 0x06, 0xb1, 0x9b, 0x7b, 0x31, 0x12, 0xf4, 0x30, 0x11, 0xdd, 0x22, 0x90,
  0xc9, 0xad, 0xef, 0xf0, 0x90, 0xa9, 0x54, 0xb1, 0x9b, 0x7f, 0x01, 0x12, 0x05,
  0x71, 0x90, 0xa7, 0x78, 0xf1, 0xd7, 0x30, 0xe0, 0x04, 0x7f, 0x03, 0x80, 0x02,
  0x7f, 0x01, 0x12, 0x70, 0x2d, 0xe4, 0x90, 0xa7, 0x86, 0xf0, 0xa3, 0xf0, 0x90,
  0xa7, 0x74, 0xe0, 0xc4, 0x13, 0x54, 0x07, 0x30, 0xe0, 0x11, 0x90, 0xc9, 0xad,
  0xe0, 0x64, 0x05, 0x70, 0x4d, 0x90, 0xa9, 0x06, 0xb1, 0x9b, 0x7b, 0x0e, 0x80,
  0x41, 0x12, 0xf7, 0x57, 0x30, 0xe0, 0x1f, 0x12, 0xf7, 0x17, 0x20, 0xe0, 0x08,
  0x12, 0xb6, 0x8e, 0xe4, 0xfd, 0x12, 0x05, 0x71, 0x90, 0xc9, 0xad, 0xe0, 0x64,
  0x05, 0x70, 0x28, 0x90, 0xa9, 0x06, 0xb1, 0x9b, 0x7b, 0x0f, 0x80, 0x1c, 0x90,
  0xa5, 0xf7, 0xe0, 0x60, 0x19, 0x12, 0xb6, 0x8e, 0xe4, 0xfd, 0x12, 0x05, 0x71,
  0x90, 0xc9, 0xad, 0xe0, 0xb4, 0x05, 0x0a, 0x90, 0xa9, 0x06, 0xb1, 0x9b, 0x7b,
  0x10, 0x12, 0xf7, 0x50, 0x90, 0xa7, 0x77, 0xe0, 0x30, 0xe0, 0x08, 0x90, 0xa9,
  0x06, 0xb1, 0x9b, 0x12, 0xb9, 0x0c, 0xf1, 0xd4, 0x30, 0xe0, 0x0a, 0x90, 0xa9,
  0x12, 0xb1, 0x9b, 0xe4, 0xff, 0x12, 0x05, 0x71, 0x90, 0xa7, 0x78, 0xe0, 0xff,
  0xc3, 0x13, 0x30, 0xe0, 0x0e, 0x90, 0x06, 0xcd, 0xe0, 0x54, 0xef, 0xf0, 0x90,
  0x06, 0xcf, 0xe0, 0x54, 0xef, 0xf0, 0x90, 0xa7, 0x76, 0xe0, 0xfe, 0x13, 0x13,
  0x54, 0x3f, 0x30, 0xe0, 0x21, 0xef, 0x13, 0x13, 0x54, 0x3f, 0x30, 0xe0, 0x19,
  0x90, 0xa7, 0x7a, 0xe0, 0x44, 0x40, 0xf0, 0x90, 0xc9, 0xab, 0xe0, 0xc3, 0x13,
  0x54, 0x7f, 0xff, 0x90, 0xa9, 0x4e, 0x12, 0xce, 0xc8, 0x12, 0x05, 0x71, 0x90,
  0x05, 0x63, 0xe0, 0x90, 0xc9, 0xb1, 0xf0, 0x90, 0x05, 0x62, 0xe0, 0x90, 0xc9,
  0xb0, 0xf0, 0x90, 0x05, 0x61, 0xe0, 0x90, 0xc9, 0xaf, 0xf0, 0x90, 0x05, 0x60,
  0xe0, 0x90, 0xc9, 0xae, 0xf0, 0xa3, 0x12, 0x9b, 0xf7, 0x90, 0xc9, 0xae, 0xf1,
  0xe6, 0x12, 0x86, 0x2e, 0xc0, 0x04, 0xc0, 0x05, 0xc0, 0x06, 0xc0, 0x07, 0x90,
  0xc9, 0xb0, 0xf1, 0xe6, 0x78, 0x10, 0x12, 0x04, 0xad, 0xd0, 0x03, 0xd0, 0x02,
  0xd0, 0x01, 0xd0, 0x00, 0x12, 0x86, 0x2e, 0xc0, 0x04, 0xc0, 0x05, 0xc0, 0x06,
  0xc0, 0x07, 0xa3, 0xf1, 0xe6, 0x78, 0x18, 0x12, 0x04, 0xad, 0xd0, 0x03, 0xd0,
  0x02, 0xd0, 0x01, 0xd0, 0x00, 0x12, 0x86, 0x2e, 0x90, 0xa7, 0xb6, 0x02, 0x04,
  0xe0, 0xe4, 0xfb, 0xfa, 0xfd, 0x7f, 0x01, 0x12, 0x85, 0x7e, 0x90, 0xca, 0x2f,
  0xef, 0xf0, 0x60, 0xf0, 0x90, 0xa4, 0x5f, 0xe0, 0xff, 0x70, 0x04, 0xa3, 0xe0,
  0x60, 0xe5, 0xc2, 0xaf, 0xef, 0x30, 0xe0, 0x0f, 0x90, 0xa4, 0x5f, 0xe0, 0x54,
  0xfe, 0xf0, 0xe4, 0xff, 0x12, 0xd3, 0x0e, 0x12, 0xe2, 0xd4, 0xf1, 0xcb, 0x30,
  0xe1, 0x08, 0x54, 0xfd, 0xf0, 0x90, 0xa3, 0xb8, 0x11, 0xdd, 0xf1, 0xcb, 0x30,
  0xe2, 0x08, 0x54, 0xfb, 0xf0, 0x90, 0xa3, 0xba, 0x11, 0xdd, 0xf1, 0xcb, 0xff,
  0x30, 0xe5, 0x0c, 0x54, 0xdf, 0xf0, 0x12, 0xb7, 0x50, 0xbf, 0x01, 0x03, 0x12,
  0xd8, 0x24, 0xf1, 0xcb, 0x30, 0xe6, 0x08, 0x54, 0xbf, 0xf0, 0x90, 0xa8, 0xfa,
  0x11, 0xdd, 0xd2, 0xaf, 0x80, 0xa3, 0xd2, 0xaf, 0xc2, 0xaf, 0x90, 0xa4, 0x5f,
  0xe0, 0x22, 0x90, 0xa7, 0x77, 0xe0, 0xc4, 0x13, 0x13, 0x13, 0x54, 0x01, 0x22,
  0xf5, 0x82, 0xe4, 0x34, 0xcb, 0xf5, 0x83, 0xe0, 0xff, 0xe4, 0xfc, 0xfd, 0xfe,
  0x22, 0x7d, 0x01, 0xd3, 0x10, 0xaf, 0x01, 0xc3, 0xc0, 0xd0, 0x90, 0xcd, 0x65,
  0xef, 0xf0, 0xa3, 0xed, 0xf0, 0x90, 0xa9, 0x06, 0x12, 0x8d, 0x9b, 0x7b, 0x44,
  0x12, 0xf7, 0x50, 0x90, 0xa9, 0x70, 0x12, 0x88, 0xdd, 0x90, 0xcd, 0x66, 0xe0,
  0x90, 0xcd, 0x65, 0xb4, 0x01, 0x08, 0x11, 0x35, 0xe0, 0x44, 0x04, 0xf0, 0x80,
  0x06, 0x11, 0x35, 0xe0, 0x54, 0xfb, 0xf0, 0x90, 0xa9, 0x06, 0x12, 0x8d, 0x9b,
  0x12, 0xb9, 0x0c, 0xd0, 0xd0, 0x92, 0xaf, 0x22, 0xe0, 0x75, 0xf0, 0x18, 0x90,
  0x89, 0x05, 0x02, 0x86, 0x55, 0xd3, 0x10, 0xaf, 0x01, 0xc3, 0xc0, 0xd0, 0x90,
  0xcd, 0x31, 0xef, 0xf0, 0xa3, 0xed, 0xf0, 0xf1, 0xa0, 0xe0, 0x90, 0xcd, 0x37,
  0xf0, 0xed, 0x54, 0x7f, 0x90, 0xcd, 0x35, 0xf0, 0xeb, 0x70, 0x2d, 0x90, 0xcd,
  0x31, 0xe0, 0xfd, 0x75, 0xf0, 0x12, 0x71, 0x5e, 0xe0, 0x54, 0xf7, 0xf0, 0x90,
  0xcd, 0x37, 0xe0, 0x54, 0x7f, 0xf0, 0xaf, 0x05, 0x90, 0xcd, 0x35, 0xe0, 0xfd,
  0x12, 0xdf, 0xf0, 0x12, 0xf7, 0x0e, 0xe4, 0x90, 0xcc, 0xaa, 0xf0, 0xfb, 0x12,
  0xe0, 0x28, 0x80, 0x53, 0x12, 0xf7, 0x0e, 0x90, 0xcc, 0xaa, 0x74, 0x05, 0xf0,
  0xe4, 0xfb, 0x12, 0xe0, 0x28, 0x90, 0xcd, 0x36, 0xe0, 0x24, 0x89, 0x12, 0xef,
  0x38, 0xe0, 0xd3, 0x94, 0x02, 0x90, 0x04, 0xcf, 0x50, 0x05, 0x74, 0x02, 0xf0,
  0x80, 0x02, 0xe4, 0xf0, 0x90, 0xcd, 0x31, 0xe0, 0xff, 0x75, 0xf0, 0x12, 0x71,
  0x5e, 0xe0, 0x44, 0x08, 0xf0, 0x90, 0xcd, 0x35, 0xe0, 0xa3, 0xf0, 0xe0, 0x90,
  0x81, 0x2b, 0x93, 0xf1, 0x9f, 0xe0, 0x54, 0x07, 0xff, 0xee, 0x33, 0x33, 0x33,
  0x54, 0xf8, 0x4f, 0x44, 0x80, 0x90, 0xcd, 0x37, 0xf0, 0x90, 0xcd, 0x32, 0x12,
  0xf7, 0x48, 0xf1, 0xe9, 0xef, 0xf0, 0xee, 0x70, 0x05, 0x90, 0x01, 0xc8, 0xef,
  0xf0, 0x90, 0xcd, 0x37, 0x12, 0xf7, 0x48, 0x75, 0xf0, 0x18, 0xf1, 0xa4, 0xef,
  0xf0, 0x75, 0xf0, 0x18, 0xee, 0x11, 0x39, 0xe0, 0x54, 0xfc, 0xff, 0x90, 0xcd,
  0x34, 0xe0, 0x4f, 0xfe, 0x90, 0xcd, 0x31, 0xe0, 0xff, 0x11, 0x36, 0xee, 0xf0,
  0x7d, 0x01, 0x12, 0xa7, 0x65, 0xd0, 0xd0, 0x92, 0xaf, 0x22, 0xe4, 0x90, 0xca,
  0xb9, 0xf0, 0x90, 0xa5, 0xec, 0xe0, 0xfe, 0x90, 0xca, 0xb9, 0xe0, 0xff, 0xc3,
  0x9e, 0x40, 0x02, 0x41, 0x30, 0x12, 0x77, 0x65, 0xef, 0x70, 0x02, 0x41, 0x28,
  0x51, 0x31, 0x71, 0x5e, 0xe0, 0xfe, 0x13, 0x13, 0x13, 0x54, 0x1f, 0x20, 0xe0,
  0x02, 0x41, 0x28, 0xf1, 0xa0, 0xe0, 0x20, 0xe7, 0x02, 0x80, 0x10, 0x90, 0xca,
  0xb9, 0xe0, 0xf9, 0x12, 0xae, 0xc4, 0xe0, 0x90, 0xca, 0xba, 0xf0, 0x20, 0xe7,
  0x09, 0x90, 0x01, 0xc1, 0xe0, 0x44, 0x20, 0xf0, 0x41, 0x28, 0x51, 0x31, 0x51,
  0x47, 0x54, 0x0f, 0xfd, 0x75, 0xf0, 0x12, 0xef, 0xf1, 0xce, 0xf1, 0xe1, 0xed,
  0xf0, 0xe9, 0x12, 0xc6, 0x1d, 0x90, 0xca, 0xba, 0xe0, 0x54, 0x40, 0x12, 0xc7,
  0x6d, 0x7b, 0x01, 0x7a, 0x00, 0x7d, 0x02, 0x7f, 0x10, 0x12, 0xc6, 0x79, 0x90,
  0xca, 0xba, 0xe0, 0x30, 0xe6, 0x1d, 0x51, 0x31, 0x51, 0x47, 0x54, 0xf0, 0xf0,
  0x75, 0xf0, 0x12, 0xef, 0x51, 0x47, 0x54, 0x0f, 0xf0, 0x90, 0xca, 0xb9, 0xe0,
  0xff, 0x75, 0xf0, 0x18, 0x90, 0x89, 0x00, 0x80, 0x54, 0x90, 0xca, 0xb9, 0xe0,
  0xfc, 0x75, 0xf0, 0x12, 0x51, 0x47, 0x54, 0x0f, 0x60, 0x31, 0x90, 0xca, 0xb9,
  0xe0, 0xfe, 0x75, 0xf0, 0x12, 0xf1, 0xaf, 0xe0, 0xfd, 0x75, 0xf0, 0x12, 0xee,
  0xb1, 0x1e, 0xfe, 0x12, 0xa7, 0x53, 0xf0, 0xaf, 0x04, 0x7b, 0x01, 0x11, 0x3f,
  0x90, 0xca, 0xb9, 0xe0, 0x75, 0xf0, 0x12, 0x51, 0x47, 0xff, 0x54, 0xf0, 0xfe,
  0xef, 0x14, 0x54, 0x0f, 0x4e, 0xf0, 0x22, 0x51, 0x31, 0x71, 0x5e, 0xe0, 0xc4,
  0x54, 0x03, 0xfe, 0xbe, 0x01, 0x04, 0x51, 0x4f, 0x80, 0x1d, 0x51, 0x31, 0x90,
  0xb8, 0x12, 0x12, 0x86, 0x55, 0xe0, 0xfd, 0x75, 0xf0, 0x12, 0xef, 0xb1, 0x1e,
  0x12, 0xa7, 0x53, 0xf0, 0x90, 0xca, 0xb9, 0xe0, 0xff, 0xe4, 0xfb, 0x11, 0x3f,
  0x90, 0xca, 0xb9, 0xe0, 0x04, 0xf0, 0x21, 0x26, 0x22, 0x90, 0xca, 0xb9, 0xe0,
  0xff, 0x75, 0xf0, 0x12, 0x22, 0xf0, 0xef, 0x44, 0x80, 0x90, 0xca, 0x55, 0xf0,
  0x75, 0xf0, 0x12, 0xe5, 0x70, 0x90, 0xb8, 0x0a, 0x12, 0x86, 0x55, 0xe0, 0x22,
  0xad, 0x07, 0x90, 0xca, 0xc0, 0x74, 0x04, 0xf0, 0x75, 0xf0, 0x12, 0xef, 0x12,
  0x87, 0xf2, 0xe0, 0x90, 0xca, 0xc1, 0xf0, 0x75, 0xf0, 0x12, 0xef, 0x51, 0x47,
  0xc4, 0x54, 0x0f, 0x90, 0xca, 0xbf, 0xf0, 0x75, 0xf0, 0x18, 0xed, 0x11, 0x39,
  0xe0, 0x54, 0x03, 0x90, 0xca, 0xbd, 0xf0, 0x75, 0xf0, 0x12, 0xed, 0xf1, 0xc6,
  0x90, 0xca, 0xbe, 0xf0, 0x75, 0xf0, 0x12, 0xed, 0xf1, 0xba, 0xe0, 0x54, 0x7f,
  0x90, 0xca, 0xbb, 0xf0, 0xa3, 0xf0, 0xe0, 0x24, 0x89, 0x12, 0xef, 0x38, 0xe0,
  0xff, 0xd3, 0x94, 0x02, 0x50, 0x08, 0x90, 0xca, 0xc0, 0x74, 0x02, 0xf0, 0x80,
  0x0c, 0xef, 0xc3, 0x94, 0x0f, 0x40, 0x06, 0x90, 0xca, 0xc0, 0x74, 0x05, 0xf0,
  0x90, 0xca, 0xbf, 0xe0, 0x04, 0xf0, 0xa3, 0xe0, 0xff, 0x90, 0xca, 0xbf, 0xe0,
  0xc3, 0x9f, 0x40, 0x22, 0xe4, 0xf0, 0x90, 0xca, 0xc1, 0xe0, 0xff, 0x75, 0xf0,
  0x12, 0xed, 0x12, 0xef, 0x2e, 0xef, 0xf0, 0x90, 0xca, 0xbc, 0xe0, 0x90, 0x81,
  0x63, 0x93, 0xff, 0x75, 0xf0, 0x12, 0xed, 0x12, 0xef, 0x03, 0xef, 0xf0, 0x90,
  0xca, 0xbf, 0xe0, 0x54, 0x0f, 0xc4, 0x54, 0xf0, 0xff, 0x75, 0xf0, 0x12, 0xed,
  0x51, 0x47, 0x54, 0x0f, 0x4f, 0xf0, 0x75, 0xf0, 0x12, 0xed, 0x71, 0x5e, 0xe0,
  0x54, 0xc0, 0xc4, 0x54, 0x0f, 0xff, 0x75, 0xf0, 0x12, 0xed, 0xb1, 0x1e, 0x54,
  0xf3, 0x4f, 0xf0, 0x75, 0xf0, 0x12, 0xed, 0xf1, 0xba, 0xe0, 0xfe, 0x75, 0xf0,
  0x12, 0xed, 0x71, 0x5e, 0x12, 0xce, 0x08, 0x90, 0xcd, 0x34, 0xf0, 0xaf, 0x05,
  0xad, 0x06, 0xe4, 0xfb, 0x01, 0x3f, 0xf0, 0x75, 0xf0, 0x12, 0xe5, 0x70, 0x90,
  0xb8, 0x0a, 0x12, 0x86, 0x55, 0xe0, 0x54, 0xf0, 0xf0, 0x75, 0xf0, 0x12, 0xe5,
  0x70, 0x90, 0xb8, 0x12, 0x12, 0x86, 0x55, 0x74, 0xff, 0xf0, 0xed, 0x54, 0x03,
  0xc4, 0x33, 0x33, 0x54, 0xc0, 0xff, 0x75, 0xf0, 0x12, 0xe5, 0x70, 0x90, 0xb8,
  0x08, 0x02, 0x86, 0x55, 0x8f, 0x70, 0x8d, 0x71, 0x8b, 0x72, 0x75, 0xf0, 0x18,
  0xef, 0x11, 0x39, 0xe0, 0x54, 0x03, 0x90, 0xca, 0x57, 0x12, 0xf7, 0x40, 0xf1,
  0xec, 0x12, 0xf6, 0xdb, 0x90, 0xca, 0x5a, 0xf0, 0xfb, 0xef, 0x54, 0x80, 0x90,
  0xca, 0x5c, 0xf1, 0xc0, 0x90, 0xca, 0x5e, 0x12, 0xf7, 0x38, 0x12, 0xa7, 0xe9,
  0xe0, 0x90, 0xca, 0x5d, 0xf0, 0x75, 0xf0, 0x12, 0xe5, 0x70, 0xb1, 0x1e, 0x54,
  0x03, 0x90, 0xca, 0x58, 0xf0, 0x71, 0x59, 0xe0, 0xff, 0x54, 0x03, 0x90, 0xca,
  0x5f, 0xf0, 0x71, 0x59, 0xef, 0x54, 0xcf, 0x44, 0x20, 0x71, 0x32, 0xe0, 0x54,
  0x3f, 0x4f, 0xf0, 0xeb, 0xd3, 0x9c, 0x40, 0x0e, 0x90, 0xca, 0x5e, 0xe0, 0x90,
  0xca, 0x5a, 0xf0, 0x90, 0xca, 0x54, 0xf0, 0x80, 0x0c, 0x90, 0xca, 0x5a, 0xe0,
  0xff, 0x12, 0xc4, 0xac, 0x60, 0x02, 0x81, 0x80, 0x90, 0xca, 0x5b, 0xe5, 0x71,
  0xf0, 0xe4, 0x90, 0xca, 0x59, 0xf0, 0x90, 0xca, 0x5b, 0xe0, 0xff, 0x90, 0xca,
  0x59, 0xe0, 0xc3, 0x9f, 0x40, 0x02, 0x81, 0xdc, 0x90, 0xca, 0x5c, 0xe0, 0x60,
  0x31, 0x90, 0xca, 0x5a, 0xe0, 0xf9, 0x90, 0xca, 0x55, 0xf0, 0xf1, 0xaa, 0xe0,
  0xff, 0x51, 0x42, 0x54, 0x0f, 0xfd, 0x90, 0xcc, 0x80, 0xe4, 0xf0, 0xa3, 0xed,
  0xf0, 0xf1, 0xe1, 0xef, 0xf0, 0xe9, 0x12, 0xc6, 0x1d, 0xe4, 0x90, 0xcc, 0x82,
  0xf0, 0xa3, 0xf0, 0x7b, 0x05, 0xfa, 0x12, 0xc4, 0xa6, 0x81, 0xce, 0x90, 0xca,
  0x5d, 0xf1, 0xf9, 0xd3, 0x9f, 0x50, 0x02, 0x81, 0xbf, 0x90, 0xca, 0x5f, 0xe0,
  0x64, 0x01, 0x60, 0x10, 0xed, 0xd3, 0x94, 0x0c, 0x40, 0x0a, 0x7b, 0x02, 0xaf,
  0x70, 0x12, 0xe0, 0xaf, 0xef, 0x70, 0x18, 0x90, 0xca, 0x5a, 0xe0, 0xff, 0x90,
  0xca, 0x5d, 0xe0, 0xfd, 0x90, 0xca, 0x63, 0xe5, 0x71, 0xf0, 0xab, 0x70, 0x12,
  0xde, 0x51, 0x75, 0x71, 0x01, 0x75, 0xf0, 0x12, 0xe5, 0x70, 0x12, 0xc6, 0x6b,
  0xe0, 0x90, 0xca, 0x55, 0xf0, 0x54, 0x7f, 0xff, 0xa3, 0xf0, 0x12, 0xc4, 0xac,
  0x60, 0x05, 0x90, 0xca, 0x5d, 0xa1, 0x05, 0x90, 0xca, 0x5f, 0xe0, 0x64, 0x01,
  0x70, 0x41, 0x90, 0xca, 0x56, 0xe0, 0xc3, 0x94, 0x0d, 0x40, 0x38, 0x75, 0xf0,
  0x12, 0xe5, 0x70, 0xf1, 0x97, 0xc4, 0x13, 0x54, 0x07, 0x30, 0xe0, 0x2a, 0xe5,
  0x72, 0x60, 0x26, 0x90, 0xca, 0x5c, 0xe0, 0x70, 0x20, 0x90, 0xca, 0x55, 0xe0,
  0xff, 0xf1, 0xaa, 0xef, 0x51, 0x3a, 0x54, 0xf0, 0x44, 0x03, 0xf0, 0x80, 0x0f,
  0x90, 0xca, 0x5d, 0xe0, 0xff, 0x90, 0xca, 0x55, 0xf0, 0xf1, 0xb5, 0xef, 0xf0,
  0x80, 0x0e, 0x15, 0x71, 0xe5, 0x71, 0x60, 0x08, 0x90, 0xca, 0x59, 0xe0, 0x04,
  0xf0, 0x61, 0xe8, 0x75, 0xf0, 0x12, 0xe5, 0x70, 0xf1, 0xce, 0xf1, 0xf2, 0xe5,
  0x70, 0xf0, 0x90, 0xca, 0x55, 0xe0, 0xff, 0xf1, 0xe1, 0xef, 0xf0, 0x90, 0xca,
  0x57, 0x12, 0xc7, 0x6c, 0x7b, 0x01, 0x7a, 0x00, 0x7d, 0x05, 0x7f, 0x08, 0x12,
  0xc6, 0x79, 0x90, 0xca, 0x55, 0xe0, 0xfd, 0x90, 0xca, 0x57, 0x12, 0xc7, 0x4a,
  0xaf, 0x70, 0x01, 0x3f, 0xfb, 0x0d, 0xe4, 0xff, 0xd1, 0x14, 0x90, 0xcd, 0x59,
  0xe0, 0x75, 0xf0, 0x12, 0x90, 0xb8, 0x09, 0x12, 0x86, 0x55, 0xe0, 0x22, 0xd3,
  0x10, 0xaf, 0x01, 0xc3, 0xc0, 0xd0, 0x90, 0x00, 0x8f, 0xe0, 0x20, 0xe6, 0x02,
  0xc1, 0x0f, 0x90, 0x00, 0x8c, 0xe0, 0x90, 0xcd, 0x59, 0xf0, 0x90, 0x00, 0x8d,
  0xe0, 0x90, 0xcd, 0x5a, 0xf0, 0x90, 0x00, 0x8e, 0xe0, 0x90, 0xcd, 0x5b, 0xf0,
  0x90, 0xcd, 0x5a, 0xe0, 0x24, 0xfc, 0x60, 0x10, 0x24, 0x03, 0x60, 0x02, 0xc1,
  0x03, 0x90, 0xcd, 0x59, 0xe0, 0xff, 0x12, 0xd5, 0x4d, 0xc1, 0x03, 0x90, 0xcd,
  0x59, 0xe0, 0x75, 0xf0, 0x12, 0x12, 0x87, 0xf2, 0xe0, 0xfb, 0xe4, 0xfd, 0xb1,
  0x14, 0x13, 0x13, 0x54, 0x03, 0xb1, 0x11, 0x12, 0x8f, 0xd8, 0xb1, 0x11, 0xc4,
  0x54, 0x03, 0xfb, 0x0d, 0xe4, 0xff, 0xd1, 0x42, 0x75, 0xf0, 0x12, 0xf1, 0xc6,
  0xfb, 0xe4, 0xfd, 0x0f, 0xd1, 0x42, 0x75, 0xf0, 0x12, 0x90, 0xb8, 0x06, 0xd1,
  0x3c, 0x75, 0xf0, 0x12, 0xf1, 0x97, 0xc4, 0x13, 0x54, 0x01, 0xfb, 0x0d, 0x7f,
  0x01, 0xd1, 0x42, 0x75, 0xf0, 0x12, 0xf1, 0x97, 0x54, 0x1f, 0xd1, 0x40, 0x75,
  0xf0, 0x08, 0x90, 0x9e, 0x30, 0x12, 0xf7, 0x28, 0x0f, 0xd1, 0x42, 0x75, 0xf0,
  0x08, 0x90, 0x9e, 0x31, 0xd1, 0x3c, 0x75, 0xf0, 0x08, 0x90, 0x9e, 0x32, 0xd1,
  0x3c, 0x75, 0xf0, 0x08, 0x90, 0x9e, 0x33, 0xd1, 0x3c, 0x75, 0xf0, 0x08, 0x90,
  0x9e, 0x34, 0x12, 0xf7, 0x28, 0x0f, 0xd1, 0x42, 0x75, 0xf0, 0x08, 0x90, 0x9e,
  0x35, 0xd1, 0x3c, 0x75, 0xf0, 0x08, 0x90, 0x9e, 0x36, 0xd1, 0x3c, 0x75, 0xf0,
  0x08, 0x90, 0x9e, 0x37, 0x12, 0x86, 0x55, 0xe0, 0xfb, 0x0d, 0xd1, 0x14, 0x90,
  0x00, 0x8f, 0xe0, 0x30, 0xe0, 0x05, 0x90, 0x00, 0x8d, 0xe4, 0xf0, 0xd0, 0xd0,
  0x92, 0xaf, 0x22, 0xef, 0x70, 0x04, 0x74, 0xf0, 0x80, 0x16, 0xef, 0xb4, 0x01,
  0x04, 0x74, 0xf4, 0x80, 0x0e, 0xef, 0xb4, 0x02, 0x04, 0x74, 0xf8, 0x80, 0x06,
  0xef, 0xb4, 0x03, 0x0c, 0x74, 0xfc, 0x2d, 0xf5, 0x82, 0xe4, 0x34, 0x02, 0xf5,
  0x83, 0xeb, 0xf0, 0x22, 0x12, 0x86, 0x55, 0xe0, 0xfb, 0x0d, 0xd1, 0x14, 0x90,
  0xcd, 0x59, 0xe0, 0x22, 0x8f, 0x70, 0x8d, 0x71, 0x75, 0xf0, 0x18, 0xef, 0x11,
  0x39, 0xe0, 0x54, 0x03, 0x90, 0xca, 0x58, 0x12, 0xf7, 0x40, 0xf1, 0xec, 0x12,
  0xf6, 0xdb, 0x90, 0xca, 0x56, 0xf0, 0xfb, 0xef, 0x54, 0x80, 0xa3, 0xf1, 0xc0,
  0x90, 0xca, 0x5a, 0x12, 0xf7, 0x38, 0xb1, 0x1e, 0x54, 0x03, 0x90, 0xca, 0x59,
  0xf0, 0x71, 0x59, 0xe0, 0xff, 0x54, 0x03, 0x90, 0xca, 0x5b, 0xf0, 0x71, 0x59,
  0xef, 0x54, 0xcf, 0x44, 0x10, 0x71, 0x32, 0xe0, 0x54, 0x3f, 0x4f, 0xf0, 0xeb,
  0x6c, 0x70, 0x3b, 0x12, 0xf7, 0x05, 0x50, 0x02, 0xe1, 0x91, 0x75, 0xf0, 0x12,
  0xe5, 0x70, 0xf1, 0x97, 0xfe, 0xc4, 0x13, 0x54, 0x07, 0x30, 0xe0, 0x0f, 0x90,
  0xca, 0x57, 0xe0, 0x70, 0x09, 0xef, 0x44, 0x80, 0x90, 0xca, 0x55, 0xf0, 0xe1,
  0x64, 0xf1, 0xf2, 0xe5, 0x70, 0xf0, 0xe4, 0xa3, 0x12, 0xc4, 0x33, 0xa3, 0xf0,
  0x7b, 0x01, 0xfa, 0x7d, 0x02, 0x7f, 0x04, 0x02, 0xc6, 0x79, 0x90, 0xca, 0x5a,
  0xe0, 0xff, 0x90, 0xca, 0x56, 0xe0, 0xfd, 0xc3, 0x9f, 0x50, 0x77, 0x90, 0xca,
  0x5b, 0xe0, 0x64, 0x01, 0x60, 0x0a, 0x7b, 0x01, 0xaf, 0x70, 0x12, 0xe0, 0xaf,
  0xef, 0x70, 0x0a, 0x90, 0xca, 0x56, 0xf1, 0xf9, 0xab, 0x70, 0x12, 0xc6, 0x27,
  0x75, 0xf0, 0x12, 0xe5, 0x70, 0x12, 0xc6, 0x6b, 0xe0, 0x90, 0xca, 0x55, 0xf0,
  0x90, 0xca, 0x5b, 0xe0, 0x64, 0x01, 0x70, 0x54, 0x12, 0xf7, 0x05, 0x40, 0x4f,
  0x75, 0xf0, 0x12, 0xe5, 0x70, 0xf1, 0x97, 0xfe, 0xc4, 0x13, 0x54, 0x07, 0x30,
  0xe0, 0x40, 0xe5, 0x71, 0x60, 0x3c, 0x90, 0xca, 0x57, 0xe0, 0x70, 0x0f, 0x90,
  0xca, 0x55, 0xe0, 0xfe, 0xf1, 0xaa, 0xee, 0x51, 0x3a, 0x54, 0xf0, 0x44, 0x02,
  0xf0, 0x12, 0xc6, 0x04, 0x90, 0xca, 0x5c, 0xf1, 0xd4, 0xe4, 0xa3, 0xf0, 0xa3,
  0xf0, 0x7b, 0x09, 0xfa, 0x7d, 0x0a, 0x7f, 0xff, 0x12, 0xc6, 0x79, 0x80, 0x0e,
  0x90, 0xca, 0x5a, 0xe0, 0xff, 0xf1, 0xb5, 0xef, 0xf0, 0x90, 0xca, 0x55, 0xef,
  0xf0, 0x12, 0xc6, 0x04, 0x90, 0xca, 0x58, 0xf1, 0xd4, 0xa3, 0xe4, 0xf0, 0xa3,
  0xe5, 0x71, 0xf0, 0x7b, 0x01, 0x7a, 0x00, 0x7d, 0x05, 0x7f, 0x04, 0x12, 0xc6,
  0x79, 0x90, 0xca, 0x55, 0xe0, 0xfd, 0x90, 0xca, 0x58, 0xe0, 0x90, 0xcd, 0x34,
  0xf0, 0xab, 0x71, 0xaf, 0x70, 0x11, 0x3f, 0x22, 0x75, 0xf0, 0x12, 0xe5, 0x63,
  0x90, 0xb8, 0x07, 0x12, 0x86, 0x55, 0xe0, 0x22, 0xfe, 0x75, 0xf0, 0x18, 0xef,
  0x90, 0x89, 0x01, 0x02, 0x86, 0x55, 0x75, 0xf0, 0x12, 0xe5, 0x70, 0x90, 0xb8,
  0x12, 0x02, 0x86, 0x55, 0x75, 0xf0, 0x12, 0xe5, 0x70, 0x90, 0xb8, 0x0b, 0x02,
  0x86, 0x55, 0xf0, 0x75, 0xf0, 0x12, 0xe5, 0x70, 0x90, 0xb8, 0x05, 0x12, 0x86,
  0x55, 0xe0, 0x22, 0x90, 0xb8, 0x12, 0x12, 0x86, 0x55, 0xe0, 0xff, 0x90, 0xcc,
  0x80, 0xe4, 0xf0, 0xa3, 0xef, 0xf0, 0x22, 0xe0, 0xfd, 0x90, 0xcc, 0x7e, 0xe4,
  0xf0, 0xa3, 0x22, 0xe0, 0x75, 0xf0, 0x18, 0x90, 0x89, 0x00, 0x02, 0x86, 0x55,
  0x90, 0xcc, 0x7c, 0xe4, 0xf0, 0xa3, 0x22, 0xe0, 0xff, 0x90, 0xca, 0x5a, 0xe0,
  0xfd, 0x22, 0x12, 0xb7, 0xd3, 0x30, 0xe0, 0x13, 0x11, 0xae, 0x90, 0xa4, 0x63,
  0xe0, 0x64, 0x01, 0x70, 0x28, 0x90, 0xfe, 0x10, 0xe0, 0x44, 0x04, 0xf0, 0x80,
  0x1f, 0x90, 0xc6, 0xe7, 0xe0, 0x60, 0x16, 0x7d, 0x10, 0xe4, 0xff, 0x12, 0x7c,
  0x2f, 0x90, 0x01, 0x3c, 0xe0, 0x30, 0xe4, 0x03, 0x74, 0x10, 0xf0, 0x90, 0x01,
  0x63, 0xe4, 0xf0, 0x12, 0xf1, 0x3d, 0x12, 0x88, 0xcc, 0x12, 0x87, 0x91, 0x90,
  0xc6, 0xc5, 0x12, 0x87, 0xdb, 0x90, 0xc6, 0xc6, 0xf0, 0x90, 0xc6, 0xc5, 0xe0,
  0x54, 0x01, 0x90, 0xc6, 0xd3, 0xf0, 0x90, 0xc6, 0xc5, 0xe0, 0x54, 0x02, 0x90,
  0xc6, 0xd4, 0xf0, 0x90, 0xc6, 0xc5, 0xe0, 0x54, 0x04, 0x90, 0xc6, 0xd5, 0xf0,
  0x90, 0xc6, 0xc5, 0xe0, 0x54, 0x08, 0x90, 0xc6, 0xd6, 0xf0, 0x90, 0xc6, 0xc5,
  0xe0, 0x54, 0x10, 0x90, 0xc6, 0xd7, 0xf0, 0x90, 0xc6, 0xc6, 0xe0, 0x54, 0x01,
  0x90, 0xc6, 0xd8, 0xf0, 0x90, 0xc6, 0xc6, 0xe0, 0x54, 0x02, 0x90, 0xc6, 0xd9,
  0xf0, 0x90, 0xc6, 0xc6, 0xe0, 0x54, 0x04, 0x90, 0xc6, 0xda, 0xf0, 0x90, 0xc6,
  0xc6, 0xe0, 0x54, 0x08, 0x90, 0xc6, 0xdb, 0xf0, 0x90, 0xc6, 0xc6, 0xe0, 0x54,
  0x10, 0x90, 0xc6, 0xdc, 0xf0, 0x22, 0x90, 0x01, 0x17, 0xe0, 0xfe, 0x90, 0x01,
  0x16, 0x12, 0xdf, 0xde, 0x90, 0xa5, 0xda, 0xf0, 0xa3, 0xef, 0xf0, 0x90, 0x02,
  0x86, 0xe0, 0x44, 0x04, 0xf0, 0x90, 0xc6, 0xc4, 0xe0, 0x44, 0x01, 0xf0, 0x7d,
  0x08, 0xe4, 0xff, 0x12, 0x7c, 0x77, 0x90, 0x05, 0x52, 0xe0, 0x54, 0x07, 0x04,
  0x90, 0xc6, 0xd0, 0x11, 0xea, 0x90, 0x04, 0x22, 0xe0, 0x54, 0xef, 0xf0, 0x22,
  0xef, 0xf0, 0xe4, 0xa3, 0xf0, 0xa3, 0xf0, 0x22, 0x90, 0xcd, 0x5c, 0x11, 0xe9,
  0x90, 0x01, 0x09, 0xe0, 0x7f, 0x00, 0x30, 0xe7, 0x02, 0x7f, 0x01, 0x90, 0xcd,
  0x5c, 0xe0, 0x6f, 0x60, 0x36, 0xc3, 0x90, 0xcd, 0x5e, 0xe0, 0x94, 0x88, 0x90,
  0xcd, 0x5d, 0xe0, 0x94, 0x13, 0x40, 0x08, 0x90, 0x01, 0xc0, 0xe0, 0x44, 0x10,
  0xf0, 0x22, 0x90, 0xcd, 0x5d, 0x12, 0xb7, 0x49, 0x12, 0xc7, 0x3d, 0xd3, 0x90,
  0xcd, 0x5e, 0xe0, 0x94, 0x32, 0x90, 0xcd, 0x5d, 0xe0, 0x94, 0x00, 0x40, 0xbf,
  0x90, 0x01, 0xc6, 0xe0, 0x30, 0xe0, 0xb8, 0x22, 0xe4, 0x90, 0xca, 0x08, 0xf0,
  0x12, 0xd5, 0x30, 0x51, 0x45, 0xbf, 0x10, 0x0d, 0x90, 0x00, 0x7c, 0xe0, 0x54,
  0xf9, 0x44, 0x02, 0xf0, 0x51, 0x4d, 0xe4, 0xf0, 0x12, 0xc7, 0x5a, 0xe4, 0xff,
  0x11, 0xf1, 0x51, 0x58, 0xe4, 0xfd, 0x12, 0x76, 0x92, 0x90, 0xa5, 0xf3, 0xe0,
  0x54, 0xef, 0xf0, 0x22, 0xd3, 0x10, 0xaf, 0x01, 0xc3, 0xc0, 0xd0, 0x31, 0x7f,
  0x31, 0x3f, 0xd0, 0xd0, 0x92, 0xaf, 0x22, 0x75, 0x62, 0x14, 0x90, 0xa5, 0xf3,
  0xe0, 0x44, 0x10, 0xf0, 0x51, 0x58, 0x7d, 0x01, 0x12, 0x76, 0x92, 0x90, 0xa6,
  0x02, 0xe0, 0x90, 0x00, 0x93, 0xf0, 0x90, 0xa5, 0xf8, 0xe0, 0x60, 0x12, 0x90,
  0x01, 0x2f, 0xe0, 0x30, 0xe7, 0x05, 0x74, 0x10, 0xf0, 0x80, 0x06, 0x90, 0x01,
  0x2f, 0x74, 0x90, 0xf0, 0x90, 0x00, 0x93, 0xe0, 0x44, 0x02, 0xf0, 0x90, 0x00,
  0x08, 0xe0, 0x44, 0x10, 0xf0, 0x7f, 0x01, 0x11, 0xf1, 0x51, 0x45, 0xbf, 0x10,
  0x0c, 0x51, 0x4d, 0x74, 0x80, 0xf0, 0x90, 0x00, 0x7c, 0xe0, 0x44, 0x06, 0xf0,
  0x90, 0x00, 0x90, 0xe0, 0x44, 0x01, 0xf0, 0x00, 0x00, 0x00, 0x00, 0x00, 0x00,
  0x00, 0x00, 0x00, 0x00, 0x00, 0x00, 0x00, 0x00, 0x00, 0x00, 0x00, 0x00, 0x00,
  0x00, 0x00, 0x00, 0x00, 0x00, 0x00, 0x00, 0x00, 0x00, 0x00, 0x00, 0x00, 0x00,
  0x00, 0x00, 0x00, 0x00, 0x00, 0x00, 0x00, 0x00, 0x00, 0x00, 0x00, 0x00, 0x00,
  0x00, 0x00, 0x00, 0x00, 0x00, 0x00, 0x00, 0x00, 0x00, 0x00, 0x00, 0x00, 0x00,
  0x00, 0x00, 0x00, 0x00, 0x00, 0x00, 0x00, 0x00, 0x00, 0x00, 0x00, 0x00, 0x00,
  0x00, 0x00, 0x00, 0x00, 0x00, 0x00, 0x00, 0x00, 0x00, 0x00, 0x00, 0x00, 0x00,
  0x00, 0x00, 0x00, 0x00, 0x00, 0x00, 0x00, 0x00, 0x00, 0x00, 0x00, 0x00, 0x00,
  0x00, 0x00, 0x00, 0x7f, 0x14, 0x7e, 0x00, 0x02, 0x7b, 0x5d, 0x90, 0xa6, 0x02,
  0xe0, 0x54, 0x18, 0xff, 0x22, 0x90, 0x00, 0xcc, 0xe0, 0x44, 0x04, 0xf0, 0x90,
  0x00, 0x1b, 0x22, 0x90, 0xa7, 0x77, 0xe0, 0xc4, 0x13, 0x13, 0x54, 0x01, 0xff,
  0x90, 0xa7, 0xcb, 0xe0, 0xfb, 0x90, 0xa7, 0xca, 0xe0, 0x90, 0xae, 0xd6, 0xf0,
  0x22, 0x90, 0xa5, 0xfa, 0xe0, 0xff, 0x60, 0x03, 0xb4, 0x08, 0x0d, 0x51, 0x88,
  0xbf, 0x01, 0x08, 0x31, 0x6f, 0x90, 0x01, 0xe5, 0xe0, 0x04, 0xf0, 0x22, 0x90,
  0x02, 0x87, 0xe0, 0x60, 0x02, 0x80, 0x08, 0x90, 0x01, 0x00, 0xe0, 0x64, 0x3f,
  0x60, 0x05, 0x75, 0x62, 0x01, 0x80, 0x2f, 0x90, 0x02, 0x96, 0xe0, 0x60, 0x05,
  0x75, 0x62, 0x10, 0x80, 0x24, 0x90, 0x02, 0x86, 0xe0, 0x20, 0xe1, 0x02, 0x80,
  0x07, 0x90, 0x02, 0x86, 0xe0, 0x30, 0xe3, 0x05, 0x75, 0x62, 0x04, 0x80, 0x0f,
  0x90, 0xa7, 0xd1, 0xe0, 0x30, 0xe0, 0x05, 0x75, 0x62, 0x20, 0x80, 0x03, 0x02,
  0xf2, 0xb9, 0x90, 0x01, 0xb9, 0x74, 0x08, 0xf0, 0x90, 0x01, 0xb8, 0xe5, 0x62,
  0xf0, 0x7f, 0x00, 0x22, 0x90, 0xa7, 0x8f, 0xe0, 0x30, 0xe0, 0x05, 0x90, 0xa9,
  0x0c, 0x80, 0x03, 0x90, 0xa9, 0x04, 0x12, 0x88, 0xdd, 0x90, 0xa7, 0xd1, 0xe0,
  0x30, 0xe0, 0x04, 0xa3, 0xe0, 0x04, 0xf0, 0x90, 0xa7, 0xd2, 0xe0, 0x64, 0x08,
  0x70, 0x1f, 0x90, 0xa7, 0xd1, 0xe0, 0x30, 0xe0, 0x13, 0x51, 0x58, 0xe4, 0xfd,
  0x12, 0x76, 0x92, 0x90, 0xa7, 0xd1, 0xe0, 0x54, 0xfe, 0xf0, 0xe4, 0xa3, 0xf0,
  0x80, 0x05, 0xe4, 0x90, 0xa7, 0xd2, 0xf0, 0x90, 0xa5, 0xf7, 0xe0, 0x70, 0x02,
  0x61, 0xa9, 0x90, 0xa6, 0x0e, 0xe0, 0x04, 0xf0, 0x90, 0x05, 0x61, 0x71, 0xf7,
  0x90, 0x05, 0x60, 0x12, 0x8f, 0xe6, 0x12, 0x86, 0x2e, 0xc0, 0x04, 0xc0, 0x05,
  0xc0, 0x06, 0xc0, 0x07, 0x90, 0x05, 0x62, 0x12, 0x8f, 0xe6, 0x78, 0x10, 0x12,
  0x04, 0xad, 0xd0, 0x03, 0xd0, 0x02, 0xd0, 0x01, 0xd0, 0x00, 0x12, 0x86, 0x2e,
  0xc0, 0x04, 0xc0, 0x05, 0xc0, 0x06, 0xc0, 0x07, 0xa3, 0x12, 0x8f, 0xe6, 0x78,
  0x18, 0x12, 0x04, 0xad, 0xd0, 0x03, 0xd0, 0x02, 0xd0, 0x01, 0xd0, 0x00, 0x12,
  0x86, 0x2e, 0x90, 0xa7, 0x57, 0x12, 0x04, 0xe0, 0x90, 0xa5, 0xf3, 0xe0, 0x54,
  0x7f, 0xf0, 0xa3, 0xe0, 0x30, 0xe0, 0x0c, 0x12, 0xbd, 0xcc, 0x74, 0x05, 0xf0,
  0x12, 0x6e, 0x6e, 0x12, 0xd6, 0xc7, 0x90, 0xa5, 0xf3, 0x12, 0xb7, 0x8a, 0x30,
  0xe0, 0x0d, 0x90, 0x01, 0x3b, 0xe0, 0x30, 0xe4, 0x06, 0x12, 0xb7, 0x91, 0x12,
  0xbf, 0xc7, 0x12, 0xd2, 0xf4, 0xbf, 0x03, 0x14, 0x90, 0xc9, 0x96, 0xe0, 0xb4,
  0x01, 0x0d, 0x90, 0x01, 0xb8, 0xe0, 0x04, 0xf0, 0x90, 0x05, 0x21, 0xe0, 0x44,
  0x80, 0xf0, 0x90, 0xa9, 0x5e, 0x12, 0x8d, 0x9b, 0x7f, 0x01, 0x12, 0x05, 0x71,
  0x90, 0xc9, 0x8d, 0xe0, 0x30, 0xe0, 0x09, 0x12, 0xf6, 0xfc, 0x12, 0xaf, 0x08,
  0x12, 0xb7, 0xbb, 0x90, 0xa4, 0x63, 0xe0, 0xb4, 0x01, 0x11, 0x12, 0xb9, 0x14,
  0x20, 0xe0, 0x0b, 0xef, 0xc4, 0x13, 0x54, 0x07, 0x30, 0xe0, 0x03, 0x12, 0xf3,
  0xce, 0x22, 0xe0, 0xff, 0xe4, 0xfc, 0xfd, 0xfe, 0x78, 0x08, 0x12, 0x04, 0xad,
  0xa8, 0x04, 0xa9, 0x05, 0xaa, 0x06, 0xab, 0x07, 0x22, 0x8f, 0x75, 0x90, 0xca,
  0xb9, 0x12, 0x04, 0xec, 0x00, 0x00, 0x00, 0x00, 0xe5, 0x75, 0x14, 0x60, 0x26,
  0x14, 0x60, 0x3f, 0x14, 0x60, 0x58, 0x24, 0x03, 0x70, 0x7d, 0x90, 0x07, 0x33,
  0xe0, 0xfe, 0x90, 0x07, 0x32, 0xe0, 0x7c, 0x00, 0xd1, 0xc9, 0xfd, 0x78, 0x10,
  0x71, 0xff, 0x90, 0x07, 0x31, 0xe0, 0xfe, 0x90, 0x07, 0x30, 0x80, 0x52, 0x90,
  0x07, 0x37, 0xe0, 0xfe, 0x90, 0x07, 0x36, 0xe0, 0x7c, 0x00, 0xd1, 0xc9, 0xfd,
  0x78, 0x10, 0x71, 0xff, 0x90, 0x07, 0x35, 0xe0, 0xfe, 0x90, 0x07, 0x34, 0x80,
  0x36, 0x90, 0x07, 0x3b, 0xe0, 0xfe, 0x90, 0x07, 0x3a, 0xe0, 0x7c, 0x00, 0xd1,
  0xc9, 0xfd, 0x78, 0x10, 0x71, 0xff, 0x90, 0x07, 0x39, 0xe0, 0xfe, 0x90, 0x07,
  0x38, 0x80, 0x1a, 0x90, 0x07, 0x3f, 0xe0, 0xfe, 0x90, 0x07, 0x3e, 0xe0, 0x7c,
  0x00, 0xd1, 0xc9, 0xfd, 0x78, 0x10, 0x71, 0xff, 0x90, 0x07, 0x3d, 0xe0, 0xfe,
  0x90, 0x07, 0x3c, 0xe0, 0x7c, 0x00, 0xd1, 0xc9, 0xfd, 0x12, 0x86, 0x06, 0x90,
  0xca, 0xb9, 0x12, 0x04, 0xe0, 0xe4, 0x90, 0xca, 0xbd, 0xf0, 0x90, 0xca, 0xbd,
  0xe0, 0xff, 0xc3, 0x94, 0x20, 0x40, 0x02, 0xc1, 0x64, 0xf1, 0xdf, 0x80, 0x05,
  0xc3, 0x33, 0xce, 0x33, 0xce, 0xd8, 0xf9, 0xf1, 0xd2, 0x90, 0xca, 0xb9, 0xf1,
  0xe7, 0xf1, 0xed, 0xa3, 0xef, 0xf0, 0x74, 0x01, 0x7e, 0x00, 0xa8, 0x01, 0x08,
  0x80, 0x05, 0xc3, 0x33, 0xce, 0x33, 0xce, 0xd8, 0xf9, 0xf1, 0xd2, 0x12, 0xf6,
  0xa5, 0xf1, 0xe7, 0xf1, 0xed, 0x90, 0xca, 0xbf, 0xef, 0xf0, 0xfd, 0xe5, 0x75,
  0x75, 0xf0, 0x20, 0xa4, 0xff, 0xe9, 0x7a, 0x00, 0x2f, 0xfe, 0xea, 0x35, 0xf0,
  0x90, 0xca, 0xc2, 0xf0, 0xa3, 0xce, 0xf0, 0x90, 0xca, 0xbe, 0xe0, 0xff, 0x6d,
  0x70, 0x02, 0xc1, 0x5c, 0xef, 0x64, 0x01, 0x60, 0x02, 0xc1, 0x01, 0xd1, 0x70,
  0xf1, 0xcb, 0xd1, 0x95, 0xe0, 0x20, 0xe0, 0x58, 0x90, 0xca, 0xbd, 0xe0, 0xfd,
  0x7b, 0x01, 0x12, 0xf6, 0xf1, 0x12, 0xad, 0x93, 0xc0, 0x83, 0xc0, 0x82, 0x12,
  0x86, 0x49, 0xc0, 0x00, 0xc0, 0x01, 0xc0, 0x02, 0xc0, 0x03, 0x90, 0xca, 0xbd,
  0xf1, 0xdd, 0x80, 0x05, 0xc3, 0x33, 0xce, 0x33, 0xce, 0xd8, 0xf9, 0xf1, 0xd2,
  0xd0, 0x03, 0xd0, 0x02, 0xd0, 0x01, 0xd0, 0x00, 0x12, 0x86, 0x2e, 0xd0, 0x82,
  0xd0, 0x83, 0xd1, 0xa2, 0x12, 0xaf, 0x8f, 0x90, 0xca, 0xc2, 0xe0, 0xfa, 0xa3,
  0xe0, 0x90, 0xc7, 0x0a, 0x75, 0xf0, 0x05, 0x12, 0x86, 0x55, 0xea, 0xd1, 0x99,
  0x12, 0x04, 0xe0, 0xc1, 0x5c, 0xd1, 0x70, 0xff, 0xf1, 0xcb, 0xd1, 0x95, 0xe0,
  0xfd, 0x20, 0xe0, 0x02, 0xc1, 0x5c, 0x12, 0xf6, 0x7a, 0xe0, 0x90, 0xca, 0xc0,
  0xf0, 0x54, 0x0f, 0xff, 0xa3, 0xf0, 0xfc, 0xed, 0xc3, 0x13, 0x54, 0x03, 0xfd,
  0x12, 0xa6, 0xa9, 0x80, 0x05, 0xc3, 0x33, 0xce, 0x33, 0xce, 0xd8, 0xf9, 0xff,
  0xec, 0xfb, 0xef, 0x5b, 0x70, 0x12, 0x74, 0x01, 0xa8, 0x05, 0x08, 0x80, 0x02,
  0xc3, 0x33, 0xd8, 0xfc, 0xff, 0x90, 0xca, 0xc1, 0xe0, 0x4f, 0xf0, 0xd1, 0x70,
  0xff, 0x90, 0x89, 0x02, 0x75, 0xf0, 0x18, 0x12, 0xf6, 0x81, 0xe0, 0xfd, 0x90,
  0xca, 0xc1, 0xe0, 0x54, 0x0f, 0xfc, 0xed, 0x4c, 0xfd, 0x12, 0xf6, 0x7a, 0xed,
  0xf0, 0xd1, 0x70, 0xff, 0xf1, 0xcb, 0xd1, 0x95, 0xe0, 0xfd, 0xc3, 0x13, 0x54,
  0x03, 0x04, 0x54, 0x03, 0x25, 0xe0, 0xfc, 0x90, 0xc7, 0x0e, 0xd1, 0x91, 0xed,
  0x54, 0xf9, 0x4c, 0xf0, 0x90, 0xca, 0xbd, 0xe0, 0xfd, 0xaf, 0x75, 0x12, 0xf4,
  0x5c, 0xef, 0x80, 0x5b, 0xd1, 0x70, 0xf1, 0xcb, 0xd1, 0x95, 0xe0, 0x20, 0xe0,
  0x51, 0x90, 0xca, 0xbd, 0xe0, 0xfd, 0xe4, 0xfb, 0x12, 0xf6, 0xf1, 0x12, 0xad,
  0x93, 0xc0, 0x83, 0xc0, 0x82, 0x12, 0x86, 0x49, 0xc0, 0x00, 0xc0, 0x01, 0xc0,
  0x02, 0xc0, 0x03, 0x90, 0xca, 0xbd, 0xf1, 0xdd, 0x80, 0x05, 0xc3, 0x33, 0xce,
  0x33, 0xce, 0xd8, 0xf9, 0x12, 0xae, 0xcd, 0xfc, 0xd0, 0x03, 0xd0, 0x02, 0xd0,
  0x01, 0xd0, 0x00, 0x12, 0x86, 0x21, 0xd0, 0x82, 0xd0, 0x83, 0x12, 0x04, 0xe0,
  0xd1, 0x70, 0x90, 0xc7, 0x0a, 0x75, 0xf0, 0x05, 0xd1, 0x95, 0x12, 0x04, 0xec,
  0x00, 0x00, 0x00, 0x00, 0x90, 0xca, 0xbd, 0xe0, 0x04, 0xf0, 0x81, 0xa8, 0x90,
  0xca, 0xb9, 0x12, 0x05, 0xab, 0x12, 0xf6, 0xa5, 0x02, 0x04, 0xe0, 0x90, 0xca,
  0xc2, 0xe0, 0xfe, 0xa3, 0xe0, 0x22, 0x12, 0x04, 0xe0, 0x90, 0xca, 0xdf, 0xe0,
  0x75, 0xf0, 0x20, 0xa4, 0xff, 0xa3, 0xe0, 0x7c, 0x00, 0x2f, 0xff, 0xec, 0x35,
  0xf0, 0xfe, 0x90, 0xc7, 0x0a, 0x75, 0xf0, 0x05, 0xef, 0x12, 0x86, 0x55, 0xee,
  0x75, 0xf0, 0x05, 0xa4, 0x25, 0x83, 0xf5, 0x83, 0x22, 0x12, 0x04, 0xe0, 0x90,
  0x05, 0x97, 0xe0, 0xfe, 0x90, 0x05, 0x96, 0xe0, 0x7c, 0x00, 0x24, 0x00, 0xff,
  0xec, 0x3e, 0xfe, 0xe4, 0xfd, 0xa8, 0x04, 0xa9, 0x05, 0xaa, 0x06, 0xab, 0x07,
  0x90, 0x05, 0x95, 0xe0, 0xfe, 0x90, 0x05, 0x94, 0xe0, 0x24, 0x00, 0xff, 0xec,
  0x3e, 0xfe, 0xe4, 0x22, 0xc0, 0xe0, 0xc0, 0xf0, 0xc0, 0x83, 0xc0, 0x82, 0xc0,
  0xd0, 0x75, 0xd0, 0x00, 0xc0, 0x00, 0xc0, 0x01, 0xc0, 0x02, 0xc0, 0x03, 0xc0,
  0x04, 0xc0, 0x05, 0xc0, 0x06, 0xc0, 0x07, 0x90, 0x01, 0xc4, 0x74, 0xd1, 0xf0,
  0x74, 0x9e, 0xa3, 0xf0, 0x12, 0x63, 0x64, 0xe5, 0x30, 0x30, 0xe1, 0x03, 0x12,
  0xb7, 0xdc, 0xe5, 0x2d, 0x30, 0xe1, 0x03, 0x12, 0xc8, 0x87, 0xe5, 0x2d, 0x30,
  0xe3, 0x03, 0x12, 0xd2, 0x82, 0xe5, 0x2d, 0x30, 0xe4, 0x03, 0x12, 0xd2, 0x95,
  0xe5, 0x2d, 0x30, 0xe5, 0x03, 0x12, 0xd2, 0xa6, 0xe5, 0x2f, 0x30, 0xe0, 0x03,
  0x12, 0xb3, 0x8f, 0xe5, 0x2f, 0x30, 0xe1, 0x02, 0x51, 0xdb, 0xe5, 0x2f, 0x30,
  0xe2, 0x03, 0x12, 0xcd, 0x99, 0xe5, 0x2f, 0x30, 0xe3, 0x03, 0x12, 0xcd, 0xa5,
  0xe5, 0x2f, 0x30, 0xe4, 0x03, 0x12, 0xb6, 0xda, 0xe5, 0x2f, 0x30, 0xe5, 0x03,
  0x12, 0xb1, 0x56, 0xe5, 0x2f, 0x30, 0xe6, 0x03, 0x12, 0xb6, 0x9f, 0xe5, 0x2f,
  0x30, 0xe7, 0x03, 0x12, 0xd2, 0xdd, 0xe5, 0x30, 0x30, 0xe0, 0x03, 0x12, 0xd2,
  0xfc, 0xe5, 0x30, 0x30, 0xe4, 0x03, 0x12, 0xd3, 0x0c, 0xe5, 0x30, 0x30, 0xe5,
  0x02, 0xf1, 0xf6, 0xe5, 0x30, 0x30, 0xe6, 0x03, 0x12, 0xd4, 0x63, 0xe5, 0x38,
  0x30, 0xe0, 0x04, 0xe4, 0xff, 0x91, 0x0b, 0xe5, 0x38, 0x30, 0xe1, 0x04, 0x7f,
  0x01, 0x91, 0x0b, 0xe5, 0x38, 0x30, 0xe2, 0x04, 0x7f, 0x02, 0x91, 0x0b, 0xe5,
  0x38, 0x30, 0xe3, 0x04, 0x7f, 0x03, 0x91, 0x0b, 0x74, 0xd1, 0x04, 0x90, 0x01,
  0xc4, 0xf0, 0x74, 0x9e, 0xa3, 0xf0, 0xd0, 0x07, 0xd0, 0x06, 0xd0, 0x05, 0xd0,
  0x04, 0xd0, 0x03, 0xd0, 0x02, 0xd0, 0x01, 0xd0, 0x00, 0xd0, 0xd0, 0xd0, 0x82,
  0xd0, 0x83, 0xd0, 0xf0, 0xd0, 0xe0, 0x32, 0x90, 0xc7, 0x0e, 0x75, 0xf0, 0x05,
  0x22, 0xff, 0xee, 0x33, 0x95, 0xe0, 0xfd, 0xfc, 0x22, 0x90, 0xca, 0xe0, 0xe0,
  0xff, 0x74, 0x01, 0x7e, 0x00, 0xa8, 0x07, 0x08, 0x22, 0x12, 0x86, 0x49, 0x02,
  0x86, 0x21, 0x90, 0xca, 0xbd, 0xe0, 0xf9, 0xf8, 0x02, 0x04, 0x86, 0x02, 0x91,
  0x21, 0x12, 0x88, 0xc6, 0x12, 0xa0, 0x06, 0x7a, 0xc6, 0x79, 0xdd, 0x02, 0x6b,
  0x33, 0x8b, 0x1b, 0x8a, 0x1c, 0x89, 0x1d, 0x75, 0x1e, 0x05, 0x7b, 0x01, 0x22,
  0x12, 0x88, 0xc6, 0x11, 0x06, 0x7a, 0xc6, 0x79, 0xe2, 0x02, 0x6b, 0x33, 0x12,
  0x02, 0x06, 0xff, 0x90, 0xc9, 0x8c, 0xf0, 0xbf, 0x01, 0x07, 0x11, 0x31, 0xe4,
  0x90, 0xc9, 0x8c, 0xf0, 0x22, 0x7b, 0x01, 0x7a, 0xc9, 0x79, 0xad, 0x7f, 0xef,
  0x7e, 0x01, 0x12, 0x6c, 0x98, 0xbf, 0x01, 0x06, 0x90, 0xc9, 0xad, 0xe0, 0xa3,
  0xf0, 0x7b, 0x01, 0x7a, 0xc9, 0x79, 0xad, 0x7f, 0xee, 0x7e, 0x01, 0x12, 0x6c,
  0x98, 0xbf, 0x01, 0x08, 0x90, 0xc9, 0xad, 0xe0, 0x90, 0xc9, 0xaf, 0xf0, 0x7b,
  0x01, 0x7a, 0xc9, 0x79, 0xad, 0x7f, 0xed, 0x7e, 0x01, 0x12, 0x6c, 0x98, 0xbf,
  0x01, 0x08, 0x90, 0xc9, 0xad, 0xe0, 0x90, 0xc9, 0xb0, 0xf0, 0x7b, 0x01, 0x7a,
  0xc9, 0x79, 0xad, 0x7f, 0xec, 0x7e, 0x01, 0x12, 0x6c, 0x98, 0xbf, 0x01, 0x02,
  0x11, 0xef, 0x7b, 0x01, 0x7a, 0xc9, 0x79, 0xad, 0x7f, 0xeb, 0x7e, 0x01, 0x12,
  0x6c, 0x98, 0xbf, 0x01, 0x08, 0x90, 0xc9, 0xad, 0xe0, 0x90, 0xc9, 0xb2, 0xf0,
  0x90, 0xc9, 0xae, 0xe0, 0xff, 0xa3, 0xe0, 0xfd, 0xa3, 0xe0, 0xfb, 0xa3, 0xe0,
  0x90, 0xc9, 0xb6, 0xf0, 0x90, 0xc9, 0xb2, 0xe0, 0x90, 0xc9, 0xb7, 0xf0, 0x90,
  0xc9, 0xb8, 0x74, 0x12, 0xf0, 0x90, 0xc9, 0xda, 0x74, 0x05, 0xf0, 0x90, 0xc9,
  0xba, 0xef, 0xf0, 0xa3, 0xed, 0xf0, 0xa3, 0xeb, 0xf0, 0x90, 0xc9, 0xb6, 0xe0,
  0x90, 0xc9, 0xbd, 0xf0, 0x90, 0xc9, 0xb7, 0xe0, 0x90, 0xc9, 0xbe, 0xf0, 0x7b,
  0x01, 0x7a, 0xc9, 0x79, 0xb8, 0x12, 0x8d, 0x89, 0x7f, 0x04, 0x02, 0x05, 0x71,
  0x90, 0xc9, 0xad, 0xe0, 0x90, 0xc9, 0xb1, 0xf0, 0x22, 0x12, 0x02, 0x06, 0x90,
  0xc9, 0xad, 0x12, 0x87, 0x90, 0x90, 0xc9, 0xae, 0x12, 0x87, 0xdb, 0xfd, 0xe4,
  0xff, 0x74, 0xb1, 0x2f, 0xf5, 0x82, 0xe4, 0x34, 0xc9, 0xf5, 0x83, 0xe4, 0xf0,
  0x0f, 0xef, 0xb4, 0x0c, 0xef, 0xed, 0x30, 0xe0, 0x46, 0xd1, 0xb1, 0x40, 0x42,
  0xa3, 0xe0, 0xd3, 0x94, 0x80, 0x40, 0x3b, 0x90, 0xc9, 0xb1, 0x74, 0x01, 0x51,
  0x97, 0x90, 0xc9, 0xb2, 0x51, 0x96, 0x78, 0x08, 0x12, 0x04, 0x86, 0x90, 0xc9,
  0xb3, 0x51, 0x96, 0x78, 0x10, 0x12, 0x04, 0x86, 0x90, 0xc9, 0xb4, 0x51, 0x96,
  0x78, 0x18, 0x12, 0x04, 0x86, 0x90, 0xc9, 0xb5, 0xef, 0xf0, 0xd1, 0xe5, 0x74,
  0x05, 0xf0, 0x90, 0xb7, 0x81, 0x12, 0x04, 0xec, 0x00, 0x00, 0x00, 0x00, 0x41,
  0x55, 0xed, 0x30, 0xe1, 0x5c, 0x90, 0xc9, 0xb1, 0x74, 0x02, 0xf0, 0xd1, 0xb1,
  0x50, 0x1b, 0xe0, 0xfc, 0xd1, 0xdb, 0x51, 0x6d, 0x90, 0xc9, 0xb2, 0xf1, 0xda,
  0x51, 0x6d, 0x90, 0xc9, 0xb4, 0xf0, 0xee, 0xa3, 0xf0, 0x90, 0xc9, 0xad, 0x51,
  0x74, 0x80, 0x06, 0x90, 0xc9, 0xb2, 0x74, 0xea, 0xf0, 0x90, 0xc9, 0xae, 0xe0,
  0xd3, 0x94, 0x80, 0x50, 0x1b, 0xe0, 0xfc, 0xd1, 0xdb, 0x51, 0x6d, 0x90, 0xc9,
  0xb6, 0xf1, 0xda, 0x51, 0x6d, 0x90, 0xc9, 0xb8, 0xf0, 0xee, 0xa3, 0xf0, 0x90,
  0xc9, 0xae, 0x51, 0x74, 0x80, 0x06, 0x90, 0xc9, 0xb6, 0x74, 0xea, 0xf0, 0xd1,
  0xe5, 0x74, 0x09, 0xf0, 0x41, 0x55, 0xed, 0x60, 0x02, 0x41, 0x4a, 0x90, 0xc9,
  0xad, 0xe0, 0xfd, 0xd3, 0x94, 0x80, 0x50, 0x2a, 0xe0, 0x90, 0xc9, 0xb1, 0xf0,
  0x51, 0x9e, 0x51, 0x6d, 0x90, 0xc9, 0xb2, 0x51, 0x5f, 0x90, 0xc9, 0xb4, 0xd1,
  0xc9, 0x12, 0x97, 0xec, 0xe0, 0x90, 0xc9, 0xb6, 0xf0, 0x90, 0xc9, 0xad, 0xe0,
  0xff, 0x51, 0x9e, 0x51, 0x8f, 0xd1, 0xf9, 0x51, 0x8f, 0x80, 0x02, 0x11, 0xef,
  0x90, 0xc9, 0xae, 0xe0, 0xfd, 0xd3, 0x94, 0x80, 0x50, 0x2a, 0xe0, 0x90, 0xc9,
  0xb7, 0xf0, 0x51, 0x9e, 0x51, 0x6d, 0x90, 0xc9, 0xb8, 0x51, 0x5f, 0x90, 0xc9,
  0xba, 0xd1, 0xc9, 0x12, 0x97, 0xec, 0xe0, 0x90, 0xc9, 0xbc, 0xf0, 0x90, 0xc9,
  0xae, 0xe0, 0xff, 0x51, 0x9e, 0x51, 0x8f, 0xd1, 0xf9, 0x51, 0x8f, 0x80, 0x08,
  0x90, 0xc9, 0xae, 0xe0, 0x90, 0xc9, 0xb7, 0xf0, 0x90, 0xc9, 0xaf, 0x74, 0x04,
  0xf0, 0x90, 0xc9, 0xd1, 0x74, 0x0c, 0xf0, 0x80, 0x0b, 0x90, 0xc9, 0xaf, 0x74,
  0x04, 0xf0, 0xe4, 0x90, 0xc9, 0xd1, 0xf0, 0xf1, 0xef, 0x12, 0x8d, 0x89, 0x7f,
  0x04, 0x02, 0x05, 0x71, 0xf0, 0xee, 0xa3, 0xf0, 0xed, 0x25, 0xe0, 0x24, 0x05,
  0xf5, 0x82, 0xe4, 0x34, 0xc2, 0xf5, 0x83, 0xe0, 0xfe, 0xa3, 0xe0, 0x22, 0xe0,
  0xff, 0x25, 0xe0, 0x24, 0x05, 0xf5, 0x82, 0xe4, 0x34, 0xc5, 0xf5, 0x83, 0xe4,
  0xf0, 0xa3, 0xf0, 0xef, 0x25, 0xe0, 0x24, 0x05, 0xf5, 0x82, 0xe4, 0x34, 0xc4,
  0xf5, 0x83, 0xe4, 0xf0, 0xa3, 0xf0, 0x22, 0xef, 0xf0, 0x90, 0xb7, 0x81, 0x02,
  0x05, 0xab, 0x25, 0xe0, 0x24, 0x05, 0xf5, 0x82, 0xe4, 0x34, 0xc3, 0x22, 0xe4,
  0x90, 0xc9, 0xaf, 0xf0, 0x90, 0xc9, 0xaf, 0xe0, 0xff, 0xc3, 0x94, 0x1c, 0x50,
  0x15, 0x74, 0xa5, 0x2f, 0x12, 0xc7, 0x9e, 0x74, 0x5a, 0xf0, 0x74, 0x89, 0x2f,
  0x12, 0xef, 0x38, 0x74, 0x05, 0xd1, 0xc1, 0x80, 0xe1, 0xe4, 0x90, 0xc9, 0xad,
  0xf0, 0xe4, 0x90, 0xc9, 0xae, 0xf0, 0x90, 0xc9, 0xae, 0xe0, 0xff, 0xc3, 0x94,
  0x18, 0x50, 0x32, 0xef, 0x90, 0xc9, 0xad, 0xb4, 0x03, 0x0d, 0x12, 0x97, 0xe8,
  0xe5, 0x82, 0x2f, 0x71, 0xb6, 0x74, 0x80, 0xf0, 0x80, 0x0a, 0x12, 0x97, 0xe8,
  0xe5, 0x82, 0x2f, 0x71, 0xb6, 0xe4, 0xf0, 0x90, 0xc9, 0xae, 0xe0, 0xff, 0xb1,
  0x95, 0x2f, 0x71, 0xb6, 0xe4, 0xf0, 0x90, 0xc9, 0xae, 0xe0, 0x04, 0xf0, 0x80,
  0xc4, 0xd1, 0xef, 0x70, 0xbb, 0xe4, 0x90, 0xc9, 0xad, 0xf0, 0xe4, 0x90, 0xc9,
  0xaf, 0xf0, 0x90, 0xc9, 0xaf, 0xe0, 0xff, 0xc3, 0x94, 0x05, 0x50, 0x0f, 0x90,
  0xc9, 0xad, 0xe0, 0x75, 0xf0, 0x0a, 0x12, 0xd4, 0x53, 0xa3, 0xd1, 0xc1, 0x80,
  0xe7, 0x90, 0xc9, 0xad, 0xe0, 0xff, 0x24, 0x05, 0xf1, 0xd2, 0x74, 0x13, 0xf0,
  0x74, 0x85, 0x2f, 0x12, 0xee, 0xdd, 0xe4, 0xf0, 0x74, 0x01, 0x2f, 0x12, 0xee,
  0xcf, 0x74, 0xc0, 0xf0, 0xef, 0xf1, 0xc4, 0x51, 0x8f, 0xf1, 0xb7, 0xe4, 0xf0,
  0x90, 0xb7, 0x81, 0x12, 0x04, 0xec, 0x00, 0x00, 0x00, 0x00, 0x90, 0xc9, 0xad,
  0xe0, 0xff, 0xd1, 0xfa, 0x51, 0x8f, 0xef, 0x51, 0x9e, 0x51, 0x7f, 0xef, 0xd1,
  0xdb, 0x51, 0x8f, 0x75, 0xf0, 0x12, 0xef, 0x12, 0x95, 0x1e, 0x44, 0x40, 0xf0,
  0x90, 0xc9, 0xad, 0xe0, 0xff, 0x12, 0x95, 0x1b, 0x44, 0x80, 0xf0, 0x75, 0xf0,
  0x12, 0xef, 0x12, 0xc6, 0x6b, 0xe0, 0xff, 0x90, 0xc9, 0xad, 0x12, 0x97, 0xe8,
  0xef, 0xf0, 0xd1, 0xef, 0x60, 0x02, 0x61, 0x1b, 0x22, 0xe0, 0x75, 0xf0, 0x08,
  0x90, 0x9e, 0x30, 0x12, 0x86, 0x55, 0xe5, 0x82, 0x2c, 0xf5, 0x82, 0xe4, 0x35,
  0x83, 0xf5, 0x83, 0x22, 0xd3, 0x10, 0xaf, 0x01, 0xc3, 0xc0, 0xd0, 0x90, 0xc9,
  0xaf, 0xef, 0xf0, 0xe4, 0x90, 0xc9, 0xb1, 0xf0, 0x90, 0xc9, 0xaf, 0xe0, 0xff,
  0x75, 0xf0, 0x12, 0x12, 0x97, 0x97, 0x54, 0x1f, 0xfe, 0x60, 0x12, 0x64, 0x02,
  0x60, 0x0e, 0xee, 0x64, 0x04, 0x60, 0x09, 0xee, 0x64, 0x09, 0x60, 0x04, 0xee,
  0xb4, 0x0c, 0x0f, 0x75, 0xf0, 0x12, 0xef, 0x12, 0x93, 0x5e, 0xe0, 0x54, 0xfc,
  0x44, 0x02, 0xf0, 0x80, 0x10, 0x90, 0xc9, 0xaf, 0xe0, 0x75, 0xf0, 0x12, 0x12,
  0x93, 0x5e, 0xe0, 0x54, 0xfc, 0x44, 0x01, 0xf0, 0xe4, 0xfd, 0x90, 0xc9, 0xaf,
  0xe0, 0xff, 0xb1, 0x99, 0x2d, 0x71, 0xb6, 0xe0, 0xfe, 0x75, 0xf0, 0x08, 0xef,
  0xb1, 0x9c, 0x2d, 0x71, 0xb6, 0xee, 0xf0, 0x0d, 0xed, 0xb4, 0x08, 0xe4, 0x90,
  0xc9, 0xaf, 0x12, 0x95, 0x1a, 0xff, 0xc4, 0x54, 0x03, 0x90, 0xc9, 0xb2, 0xf0,
  0xe4, 0xa3, 0xf0, 0x7c, 0x06, 0xec, 0x90, 0xc9, 0xaf, 0xb4, 0x06, 0x07, 0x71,
  0xa9, 0xe0, 0x54, 0x0f, 0x80, 0x03, 0x71, 0xa9, 0xe0, 0x90, 0xc9, 0xb4, 0xf0,
  0x90, 0xc9, 0xb4, 0xe0, 0x60, 0x24, 0x7d, 0x07, 0xd1, 0xa9, 0x80, 0x05, 0xc3,
  0x33, 0xce, 0x33, 0xce, 0xd8, 0xf9, 0xd1, 0xd2, 0x60, 0x0c, 0xec, 0x75, 0xf0,
  0x08, 0xa4, 0x2d, 0x90, 0xc9, 0xb3, 0xf0, 0x80, 0x11, 0x1d, 0xed, 0xc3, 0x94,
  0x00, 0x50, 0xde, 0xec, 0x60, 0x07, 0x1c, 0xec, 0xc3, 0x94, 0x00, 0x50, 0xb7,
  0xe4, 0xf9, 0xfc, 0xec, 0x90, 0xc9, 0xaf, 0xb4, 0x06, 0x07, 0x71, 0xa9, 0xe0,
  0x54, 0x0f, 0x80, 0x03, 0x71, 0xa9, 0xe0, 0x90, 0xc9, 0xb4, 0xf0, 0x90, 0xc9,
  0xb4, 0xe0, 0x60, 0x1f, 0xe4, 0xfd, 0xd1, 0xa9, 0x80, 0x05, 0xc3, 0x33, 0xce,
  0x33, 0xce, 0xd8, 0xf9, 0xd1, 0xd2, 0x60, 0x09, 0xec, 0x75, 0xf0, 0x08, 0xa4,
  0x2d, 0xf9, 0x80, 0x0b, 0x0d, 0xed, 0xb4, 0x08, 0xe3, 0x0c, 0xec, 0x64, 0x07,
  0x70, 0xc0, 0x90, 0xc9, 0xb3, 0xd1, 0xb9, 0x75, 0xf0, 0x12, 0x90, 0xb8, 0x05,
  0x12, 0x86, 0x55, 0xef, 0xf0, 0x75, 0xf0, 0x12, 0xee, 0xf1, 0xe9, 0xe9, 0xf0,
  0x75, 0xf0, 0x18, 0xee, 0x12, 0x97, 0xec, 0xe0, 0xfd, 0x54, 0x7f, 0x90, 0xc9,
  0xb0, 0xf0, 0x75, 0xf0, 0x12, 0xee, 0x12, 0x97, 0x97, 0xc4, 0x13, 0x54, 0x07,
  0x30, 0xe0, 0x07, 0xed, 0x54, 0x80, 0x90, 0xc9, 0xb1, 0xf0, 0x90, 0xc9, 0xb0,
  0xe0, 0xfe, 0xd3, 0x9f, 0x40, 0x0a, 0x90, 0xc9, 0xb3, 0xe0, 0x90, 0xc9, 0xb0,
  0xf0, 0x80, 0x0a, 0xee, 0xc3, 0x99, 0x50, 0x05, 0x90, 0xc9, 0xb0, 0xe9, 0xf0,
  0x90, 0xc9, 0xaf, 0xe0, 0xff, 0x12, 0x95, 0x1b, 0xf1, 0x53, 0xf0, 0x90, 0xc9,
  0xb1, 0xe0, 0xfe, 0x90, 0xc9, 0xb0, 0xe0, 0x4e, 0xfd, 0xe4, 0xfb, 0x12, 0x90,
  0x3f, 0x90, 0xc9, 0xb0, 0xd1, 0xb9, 0x24, 0x05, 0xf1, 0xd2, 0xef, 0xf0, 0x75,
  0xf0, 0x18, 0xee, 0xf1, 0x5f, 0xe4, 0xf0, 0x90, 0xc9, 0xb3, 0xe0, 0xff, 0xc3,
  0x94, 0x14, 0x40, 0x07, 0xb1, 0x8a, 0x74, 0x03, 0xf0, 0x80, 0x20, 0xef, 0xd3,
  0x94, 0x0c, 0x40, 0x07, 0xb1, 0x8a, 0x74, 0x02, 0xf0, 0x80, 0x13, 0xef, 0xc3,
  0x94, 0x04, 0x74, 0x85, 0x40, 0x07, 0xb1, 0x8c, 0x74, 0x01, 0xf0, 0x80, 0x04,
  0xb1, 0x8c, 0xe4, 0xf0, 0xd0, 0xd0, 0x92, 0xaf, 0x22, 0x74, 0x85, 0x2e, 0xf5,
  0x82, 0xe4, 0x34, 0xb7, 0xf5, 0x83, 0x22, 0x90, 0xc9, 0xad, 0xe0, 0x75, 0xf0,
  0x08, 0x90, 0x9e, 0x30, 0x12, 0x86, 0x55, 0xe5, 0x82, 0x22, 0xd3, 0x10, 0xaf,
  0x01, 0xc3, 0xc0, 0xd0, 0x90, 0xcd, 0x03, 0xef, 0xf0, 0xa3, 0xed, 0xf0, 0xa3,
  0x12, 0x04, 0xec, 0x00, 0x00, 0x00, 0x00, 0xe4, 0x90, 0xcd, 0x11, 0xf0, 0x7f,
  0x24, 0x7e, 0x08, 0x12, 0x59, 0x89, 0x90, 0xcd, 0x09, 0x12, 0x04, 0xe0, 0x90,
  0xcd, 0x03, 0xe0, 0xfb, 0x70, 0x04, 0xd1, 0x9a, 0x80, 0x09, 0xeb, 0xf1, 0x10,
  0x51, 0x6d, 0xff, 0x12, 0x59, 0x89, 0x90, 0xcd, 0x0d, 0x12, 0x04, 0xe0, 0x90,
  0xcd, 0x04, 0x12, 0x8f, 0xe6, 0x78, 0x17, 0x12, 0x9b, 0xff, 0x90, 0xcd, 0x0d,
  0x12, 0x05, 0xab, 0xed, 0x54, 0x7f, 0xfd, 0xec, 0x54, 0x80, 0xfc, 0x12, 0x86,
  0x2e, 0xec, 0x44, 0x80, 0xfc, 0x90, 0xcd, 0x0d, 0x12, 0x04, 0xe0, 0xd1, 0x9a,
  0xec, 0x54, 0x7f, 0xfc, 0xd1, 0xa3, 0xf1, 0x04, 0xf1, 0x10, 0x51, 0x6d, 0xff,
  0xc0, 0x06, 0xc0, 0x07, 0x90, 0xcd, 0x0d, 0xd1, 0xa0, 0xd0, 0x07, 0xd0, 0x06,
  0x12, 0x6f, 0xb1, 0xd1, 0x9a, 0xec, 0x44, 0x80, 0xfc, 0xd1, 0xa3, 0xf1, 0x04,
  0x70, 0x04, 0x7f, 0x20, 0x80, 0x09, 0x90, 0xcd, 0x03, 0xe0, 0xb4, 0x01, 0x16,
  0x7f, 0x28, 0x7e, 0x08, 0x12, 0x59, 0x89, 0x78, 0x08, 0x12, 0x04, 0x86, 0xef,
  0x54, 0x01, 0xff, 0xe4, 0x90, 0xcd, 0x11, 0xef, 0xf0, 0x90, 0xcd, 0x11, 0xe0,
  0x90, 0xcd, 0x03, 0x60, 0x0e, 0xe0, 0x75, 0xf0, 0x08, 0xa4, 0x24, 0x71, 0xf5,
  0x82, 0xe4, 0x34, 0xad, 0x80, 0x0c, 0xe0, 0x75, 0xf0, 0x08, 0xa4, 0x24, 0x6f,
  0xf5, 0x82, 0xe4, 0x34, 0xad, 0x51, 0x6d, 0xff, 0x12, 0x59, 0x89, 0xed, 0x54,
  0x0f, 0xfd, 0xe4, 0xfc, 0x90, 0xcd, 0x05, 0x12, 0x04, 0xe0, 0x90, 0xcd, 0x05,
  0x12, 0x05, 0xab, 0xd0, 0xd0, 0x92, 0xaf, 0x22, 0x90, 0xcd, 0x09, 0x02, 0x05,
  0xab, 0x12, 0x05, 0xab, 0x90, 0xae, 0x65, 0x02, 0x04, 0xe0, 0x74, 0x01, 0x7e,
  0x00, 0xa8, 0x05, 0x08, 0x22, 0x90, 0xc9, 0xad, 0xe0, 0xd3, 0x94, 0x80, 0x22,
  0xe0, 0xff, 0x90, 0xc9, 0xaf, 0xe0, 0xfe, 0x22, 0xf0, 0x90, 0xc9, 0xaf, 0xe0,
  0x04, 0xf0, 0x22, 0xf0, 0xee, 0xa3, 0xf0, 0x75, 0xf0, 0x18, 0xed, 0x22, 0xff,
  0x90, 0xc9, 0xb4, 0xe0, 0xfb, 0xef, 0x5b, 0x22, 0x25, 0xe0, 0x24, 0x05, 0xf5,
  0x82, 0xe4, 0x34, 0xc5, 0x22, 0x90, 0xc9, 0xaf, 0x74, 0x0d, 0xf0, 0x90, 0xc9,
  0xd1, 0x22, 0x90, 0xc9, 0xad, 0xe0, 0x04, 0xf0, 0xe0, 0x64, 0x80, 0x22, 0xef,
  0x25, 0xe0, 0x24, 0x05, 0xf5, 0x82, 0xe4, 0x34, 0xc2, 0x22, 0x7f, 0x24, 0x7e,
  0x08, 0x12, 0x6f, 0xb1, 0x90, 0xcd, 0x03, 0xe0, 0x22, 0x75, 0xf0, 0x08, 0xa4,
  0x24, 0x6d, 0xf5, 0x82, 0xe4, 0x34, 0xad, 0x22, 0xac, 0x07, 0xec, 0xb4, 0xff,
  0x03, 0x7f, 0xff, 0x22, 0x12, 0xaf, 0xc8, 0xfe, 0x75, 0xf0, 0x08, 0xed, 0xb1,
  0x9c, 0x2e, 0x71, 0xb6, 0xe0, 0xfb, 0x7a, 0x00, 0xef, 0x54, 0x07, 0x12, 0x9f,
  0xde, 0x80, 0x05, 0xc3, 0x33, 0xce, 0x33, 0xce, 0xd8, 0xf9, 0xff, 0xee, 0x5a,
  0xfe, 0xef, 0x5b, 0x4e, 0x7f, 0xff, 0x60, 0x02, 0xaf, 0x04, 0x22, 0x13, 0x13,
  0x54, 0x03, 0x90, 0xcd, 0x34, 0x22, 0x75, 0xf0, 0x18, 0xef, 0x90, 0x89, 0x03,
  0x02, 0x86, 0x55, 0xd3, 0x10, 0xaf, 0x01, 0xc3, 0xc0, 0xd0, 0xed, 0x60, 0x2b,
  0x75, 0xf0, 0x0a, 0xef, 0x90, 0xb0, 0x01, 0xf1, 0xab, 0x90, 0xb0, 0x03, 0xf1,
  0xab, 0x90, 0xb0, 0x05, 0xf1, 0xab, 0x90, 0xb0, 0x07, 0xf1, 0xab, 0x90, 0xb0,
  0x09, 0x12, 0x86, 0x55, 0xe4, 0xf0, 0xa3, 0xf0, 0xef, 0xf1, 0xc4, 0x51, 0x8f,
  0xf1, 0xb7, 0xe4, 0xf0, 0xf1, 0x5b, 0xe0, 0x54, 0xbf, 0x44, 0x80, 0xfe, 0xf1,
  0x5b, 0xee, 0xf0, 0xd0, 0xd0, 0x92, 0xaf, 0x22, 0x12, 0x86, 0x55, 0xe4, 0xf0,
  0xa3, 0xf0, 0x75, 0xf0, 0x0a, 0xef, 0x22, 0x74, 0x05, 0x2f, 0xf5, 0x82, 0xe4,
  0x34, 0xc1, 0xf5, 0x83, 0x22, 0xe5, 0x63, 0x25, 0xe0, 0x24, 0x01, 0xf5, 0x82,
  0xe4, 0x34, 0xb5, 0x22, 0x74, 0x05, 0x25, 0x63, 0xf5, 0x82, 0xe4, 0x34, 0xc6,
  0xf5, 0x83, 0x22, 0xf0, 0xee, 0xa3, 0xf0, 0xec, 0x25, 0xe0, 0x24, 0x05, 0xf5,
  0x82, 0xe4, 0x34, 0xc4, 0x22, 0x90, 0xb8, 0x06, 0x02, 0x86, 0x55, 0x7b, 0x01,
  0x7a, 0xc9, 0x79, 0xaf, 0x22, 0x12, 0x02, 0x06, 0xff, 0x54, 0x80, 0xfe, 0x90,
  0xc9, 0xa3, 0xe0, 0x54, 0x7f, 0x4e, 0xfe, 0xf0, 0xef, 0x54, 0x40, 0xff, 0xee,
  0x54, 0xbf, 0xf1, 0xd7, 0x54, 0x20, 0xfd, 0xef, 0x54, 0xdf, 0x4d, 0xff, 0x90,
  0xc9, 0xa3, 0xf0, 0xee, 0x54, 0x10, 0xfe, 0xef, 0x54, 0xef, 0x4e, 0xff, 0xf0,
  0x12, 0x02, 0x06, 0x54, 0x0f, 0xfe, 0xef, 0x54, 0xf0, 0x4e, 0x90, 0xc9, 0xa3,
  0x12, 0x87, 0x90, 0xff, 0x54, 0x7f, 0x90, 0xc9, 0xa5, 0xf0, 0xef, 0x54, 0x80,
  0x12, 0x8f, 0xd8, 0xff, 0x90, 0xc9, 0xa4, 0xe0, 0x54, 0xfe, 0x12, 0x87, 0xda,
  0x90, 0xc9, 0xa6, 0x12, 0x87, 0x97, 0x54, 0x01, 0x25, 0xe0, 0xff, 0x90, 0xc9,
  0xa4, 0xe0, 0x54, 0xfd, 0x4f, 0xf0, 0x51, 0xe8, 0x54, 0x03, 0x7d, 0x00, 0x20,
  0xe0, 0x02, 0x7d, 0x01, 0xd3, 0x10, 0xaf, 0x01, 0xc3, 0xc0, 0xd0, 0xf1, 0xc8,
  0xfe, 0x14, 0x60, 0x1c, 0x14, 0x60, 0x2b, 0x14, 0x60, 0x3f, 0x24, 0x03, 0x60,
  0x02, 0x21, 0x0e, 0x31, 0xf9, 0xf0, 0x74, 0x01, 0xa8, 0x07, 0x08, 0x80, 0x02,
  0xc3, 0x33, 0xd8, 0xfc, 0x80, 0x22, 0x31, 0xf9, 0x44, 0x40, 0xf0, 0xef, 0x24,
  0xf8, 0x31, 0x39, 0x80, 0x02, 0xc3, 0x33, 0xd8, 0xfc, 0x80, 0x27, 0x31, 0xf9,
  0x44, 0x80, 0xf0, 0xef, 0x24, 0xf0, 0x31, 0x39, 0x80, 0x02, 0xc3, 0x33, 0xd8,
  0xfc, 0xf4, 0xfc, 0x90, 0x00, 0x47, 0x80, 0x15, 0x31, 0xf9, 0x44, 0x80, 0xf0,
  0xef, 0x24, 0xe8, 0x31, 0x39, 0x80, 0x02, 0xc3, 0x33, 0xd8, 0xfc, 0xf4, 0xfc,
  0x90, 0x00, 0x63, 0xe0, 0x5c, 0xf0, 0x74, 0x44, 0x2e, 0x31, 0x1c, 0xe0, 0xfc,
  0xef, 0x54, 0x07, 0xfb, 0x74, 0x01, 0xa8, 0x03, 0x08, 0x80, 0x02, 0xc3, 0x33,
  0xd8, 0xfc, 0xfb, 0x4c, 0xfc, 0x74, 0x44, 0x2e, 0x31, 0x1c, 0xec, 0xf0, 0xed,
  0x60, 0x06, 0x31, 0x13, 0xe0, 0x4b, 0x80, 0x09, 0x31, 0x13, 0xe0, 0xfd, 0xeb,
  0xf4, 0xfc, 0xed, 0x5c, 0xfd, 0x74, 0x40, 0x2e, 0x31, 0x1c, 0xed, 0xf0, 0xd0,
  0xd0, 0x92, 0xaf, 0x22, 0xef, 0x13, 0x13, 0x13, 0x54, 0x1f, 0xfe, 0x24, 0x40,
  0xf5, 0x82, 0xe4, 0x34, 0x10, 0xf5, 0x83, 0x22, 0xed, 0x13, 0x13, 0x13, 0x54,
  0x1f, 0xff, 0x24, 0x84, 0xf5, 0x82, 0xe4, 0x34, 0x04, 0xf5, 0x83, 0xe0, 0xfe,
  0xed, 0x54, 0x07, 0xfc, 0x74, 0x01, 0xa8, 0x04, 0x08, 0x22, 0xeb, 0x60, 0x4b,
  0xef, 0x14, 0x60, 0x1c, 0x14, 0x60, 0x29, 0x14, 0x60, 0x36, 0x24, 0x03, 0x60,
  0x02, 0x21, 0xe8, 0xed, 0x31, 0xf2, 0x24, 0xd4, 0x31, 0x2d, 0x80, 0x02, 0xc3,
  0x33, 0xd8, 0xfc, 0x4e, 0x80, 0x48, 0xed, 0x31, 0xf2, 0x24, 0x88, 0x31, 0x2d,
  0x80, 0x02, 0xc3, 0x33, 0xd8, 0xfc, 0x4e, 0x80, 0x4c, 0xed, 0x31, 0xf2, 0x24,
  0xd0, 0x31, 0x2d, 0x80, 0x02, 0xc3, 0x33, 0xd8, 0xfc, 0x4e, 0x80, 0x50, 0x31,
  0x24, 0x80, 0x02, 0xc3, 0x33, 0xd8, 0xfc, 0x4e, 0x80, 0x54, 0xef, 0x14, 0x60,
  0x1e, 0x14, 0x60, 0x2f, 0x14, 0x60, 0x40, 0x24, 0x03, 0x70, 0x4c, 0xed, 0x31,
  0xf2, 0x24, 0xd4, 0x31, 0x2d, 0x80, 0x02, 0xc3, 0x33, 0xd8, 0xfc, 0xf4, 0x5e,
  0xfe, 0x74, 0xd4, 0x80, 0x35, 0xed, 0x31, 0xf2, 0x24, 0x88, 0x31, 0x2d, 0x80,
  0x02, 0xc3, 0x33, 0xd8, 0xfc, 0xf4, 0x5e, 0xfe, 0x74, 0x88, 0x80, 0x21, 0xed,
  0x31, 0xf2, 0x24, 0xd0, 0x31, 0x2d, 0x80, 0x02, 0xc3, 0x33, 0xd8, 0xfc, 0xf4,
  0x5e, 0xfe, 0x74, 0xd0, 0x80, 0x0d, 0x31, 0x24, 0x80, 0x02, 0xc3, 0x33, 0xd8,
  0xfc, 0xf4, 0x5e, 0xfe, 0x74, 0x84, 0x12, 0xf6, 0xe6, 0x22, 0xe4, 0x90, 0xae,
  0x5b, 0xf0, 0x90, 0xa5, 0xff, 0xe0, 0x13, 0x13, 0x13, 0x54, 0x1f, 0xff, 0x22,
  0x90, 0x10, 0x3f, 0xe0, 0x54, 0x3f, 0x22, 0xe4, 0xf5, 0x75, 0x90, 0xa5, 0xf7,
  0xe0, 0x60, 0x4b, 0xf1, 0xdf, 0x70, 0x47, 0x12, 0xf6, 0x46, 0x75, 0x75, 0x01,
  0xe5, 0x75, 0x60, 0x3d, 0x90, 0xa5, 0xfa, 0xe0, 0x20, 0xe2, 0x08, 0x90, 0xa9,
  0x36, 0x12, 0x8d, 0x9b, 0xf1, 0xc1, 0xf1, 0xcf, 0x90, 0xa6, 0x00, 0xe0, 0x60,
  0x04, 0x64, 0x01, 0x70, 0x0d, 0x31, 0xe9, 0xa3, 0xe0, 0x2f, 0xf1, 0x09, 0x31,
  0xee, 0xa3, 0xe0, 0x80, 0x0b, 0x31, 0xe9, 0xd1, 0xbb, 0x2f, 0xf1, 0x09, 0x31,
  0xee, 0xd1, 0xbb, 0x2f, 0x33, 0x33, 0x33, 0x54, 0xf8, 0x90, 0xa6, 0x10, 0xf0,
  0x22, 0xad, 0x07, 0x90, 0xc9, 0xa5, 0xe0, 0x75, 0xf0, 0x20, 0xa4, 0xff, 0x90,
  0xcd, 0x52, 0x12, 0xf6, 0x1c, 0x90, 0xc9, 0xa6, 0xe0, 0x75, 0xf0, 0x08, 0xa4,
  0xae, 0xf0, 0x90, 0xcd, 0x54, 0xf0, 0xee, 0xa3, 0xf0, 0xd1, 0xb3, 0xf9, 0xee,
  0xfa, 0xed, 0x64, 0x01, 0x60, 0x66, 0x90, 0xc9, 0xa3, 0xe0, 0xfe, 0x12, 0x8f,
  0xd8, 0x30, 0xe0, 0x5b, 0xee, 0x51, 0xed, 0x54, 0x03, 0x7d, 0x00, 0x20, 0xe0,
  0x02, 0x7d, 0x01, 0x11, 0x6a, 0x51, 0xe8, 0x54, 0x01, 0xfd, 0x11, 0x6a, 0x90,
  0xc9, 0xa3, 0xe0, 0xc4, 0x13, 0x54, 0x07, 0x30, 0xe0, 0x23, 0xa3, 0xe0, 0x30,
  0xe0, 0x0b, 0x90, 0xae, 0x5b, 0xea, 0xf0, 0xa3, 0xe9, 0xd1, 0xf4, 0x80, 0x13,
  0xd1, 0xb3, 0xff, 0x12, 0x7b, 0x5d, 0x51, 0xe8, 0x54, 0x03, 0x7d, 0x00, 0x20,
  0xe0, 0x02, 0x7d, 0x01, 0x11, 0x6a, 0x90, 0xc9, 0xa3, 0xe0, 0xc4, 0x54, 0x0f,
  0x30, 0xe0, 0x0e, 0x90, 0xcd, 0x55, 0xe0, 0x90, 0xae, 0x5b, 0xf0, 0x90, 0xcd,
  0x54, 0xe0, 0xd1, 0xf1, 0x22, 0x90, 0xc9, 0xa3, 0xe0, 0xfe, 0x54, 0x0f, 0xff,
  0xee, 0xc4, 0x13, 0x13, 0x22, 0x78, 0xed, 0x7c, 0xca, 0x7d, 0x01, 0x7b, 0xff,
  0x7a, 0x82, 0x79, 0x23, 0xf1, 0x88, 0x78, 0x6d, 0x7c, 0xcb, 0x7d, 0x01, 0x7b,
  0xff, 0x7a, 0x82, 0x79, 0xa3, 0xf1, 0x88, 0xe4, 0x90, 0xcb, 0xed, 0xf0, 0xa3,
  0xf0, 0xa3, 0x12, 0x04, 0xec, 0x00, 0x00, 0x00, 0x00, 0xe4, 0x90, 0xcb, 0xf3,
  0xf0, 0xa3, 0xf0, 0x90, 0xca, 0xdf, 0xf0, 0x90, 0xca, 0xdf, 0xe0, 0xff, 0xc3,
  0x94, 0x04, 0x40, 0x02, 0x81, 0x57, 0x75, 0xf0, 0x04, 0xef, 0xb1, 0x93, 0x12,
  0x05, 0xab, 0xe4, 0xfb, 0xfa, 0xf9, 0xf8, 0xc3, 0x12, 0x04, 0x75, 0x40, 0x02,
  0x81, 0x53, 0xe4, 0x90, 0xca, 0xe0, 0xf0, 0x90, 0xca, 0xe0, 0xe0, 0xff, 0xc3,
  0x94, 0x20, 0x40, 0x02, 0x81, 0x53, 0x12, 0x9f, 0xdf, 0x80, 0x05, 0xc3, 0x33,
  0xce, 0x33, 0xce, 0xd8, 0xf9, 0x12, 0x9f, 0xd2, 0xb1, 0x8c, 0x12, 0x9f, 0xe7,
  0xec, 0x4d, 0x4e, 0x4f, 0x70, 0x02, 0x81, 0x4b, 0x12, 0x9e, 0xa5, 0xf1, 0x8f,
  0x90, 0xca, 0xe1, 0x12, 0x9e, 0x78, 0x12, 0x05, 0xab, 0x90, 0xca, 0xe5, 0x12,
  0x04, 0xe0, 0x90, 0xca, 0xe5, 0x12, 0x05, 0xab, 0x90, 0xca, 0xe1, 0xd1, 0xdd,
  0x90, 0xca, 0xe5, 0x40, 0x0a, 0x12, 0x86, 0x49, 0x90, 0xca, 0xe1, 0xf1, 0x7b,
  0x80, 0x0f, 0x12, 0x05, 0xab, 0x12, 0x86, 0x3b, 0x90, 0xca, 0xe1, 0x12, 0x86,
  0x49, 0x12, 0x86, 0x06, 0x90, 0xca, 0xe9, 0x12, 0x04, 0xe0, 0x90, 0xc9, 0x8b,
  0xe0, 0xc4, 0x13, 0x54, 0x03, 0xff, 0xe4, 0xfc, 0xfd, 0xfe, 0x7b, 0x40, 0x7a,
  0x42, 0x79, 0x0f, 0xf8, 0x12, 0x04, 0x03, 0x90, 0xca, 0xe9, 0xf1, 0x81, 0x40,
  0x47, 0x90, 0xca, 0xdf, 0xe0, 0xff, 0xa3, 0xe0, 0xfd, 0xe4, 0xfb, 0x31, 0x40,
  0xb1, 0x8c, 0xc0, 0x83, 0xc0, 0x82, 0x12, 0x86, 0x49, 0xc0, 0x00, 0xc0, 0x01,
  0xc0, 0x02, 0xc0, 0x03, 0x12, 0x9f, 0xda, 0x80, 0x05, 0xc3, 0x33, 0xce, 0x33,
  0xce, 0xd8, 0xf9, 0xd1, 0xcd, 0xfc, 0xd0, 0x03, 0xd0, 0x02, 0xd0, 0x01, 0xd0,
  0x00, 0x12, 0x86, 0x21, 0xd0, 0x82, 0xd0, 0x83, 0x12, 0x9e, 0x78, 0x12, 0x04,
  0xec, 0x00, 0x00, 0x00, 0x00, 0x80, 0x29, 0x90, 0xca, 0xdf, 0xe0, 0xc4, 0x33,
  0x54, 0xe0, 0xff, 0xa3, 0xe0, 0x2f, 0xff, 0x90, 0xcb, 0xed, 0xe0, 0xfb, 0xb1,
  0x82, 0xef, 0xf0, 0x90, 0xca, 0xe5, 0x12, 0x05, 0xab, 0x74, 0x6d, 0x2b, 0xf1,
  0x97, 0xef, 0xf0, 0x90, 0xcb, 0xed, 0xe0, 0x04, 0xf0, 0x90, 0xca, 0xe0, 0xe0,
  0x04, 0xf0, 0x61, 0x52, 0xb1, 0x99, 0x61, 0x2b, 0xe4, 0x90, 0xcb, 0xee, 0xf0,
  0x90, 0xca, 0xdf, 0xf0, 0xf1, 0xb4, 0x50, 0x46, 0x74, 0xed, 0x2e, 0xb1, 0x84,
  0xe0, 0xf4, 0x60, 0x39, 0xe4, 0x90, 0xca, 0xe0, 0xf0, 0x90, 0xca, 0xe0, 0xe0,
  0xff, 0xc3, 0x94, 0x10, 0x50, 0x2a, 0x90, 0x04, 0x14, 0xef, 0xf0, 0x90, 0x04,
  0x01, 0xe0, 0x60, 0x17, 0x90, 0xca, 0xdf, 0xe0, 0xb1, 0x82, 0xe0, 0xff, 0x90,
  0x04, 0x00, 0xe0, 0x54, 0x7f, 0xb5, 0x07, 0x06, 0x90, 0xcb, 0xee, 0xe0, 0x04,
  0xf0, 0x90, 0xca, 0xe0, 0xe0, 0x04, 0xf0, 0x80, 0xcc, 0xb1, 0x99, 0x80, 0xb6,
  0xf1, 0xa7, 0x9f, 0x50, 0x02, 0xa1, 0x7a, 0x90, 0xcb, 0x6d, 0x12, 0x8f, 0xe6,
  0x90, 0xcb, 0xef, 0x12, 0x04, 0xe0, 0x90, 0xca, 0xed, 0xe0, 0x90, 0xcb, 0xf3,
  0xf0, 0xe4, 0xa3, 0xf0, 0x90, 0xca, 0xdf, 0x04, 0xf0, 0xf1, 0xb4, 0x50, 0x53,
  0x74, 0x6d, 0x2e, 0x12, 0x8f, 0xdf, 0x90, 0xcb, 0xef, 0xf1, 0x81, 0x40, 0x42,
  0x90, 0xca, 0xdf, 0xe0, 0x24, 0x6d, 0xf1, 0x97, 0xe0, 0xff, 0xfb, 0xe4, 0xfa,
  0xf9, 0xf8, 0x90, 0xcb, 0xef, 0xf1, 0x7b, 0xe4, 0x7b, 0xff, 0x7a, 0xff, 0xf8,
  0xd3, 0x12, 0x04, 0x75, 0x40, 0x22, 0x90, 0xca, 0xdf, 0xe0, 0xfb, 0x24, 0x6d,
  0x12, 0x8f, 0xdf, 0x90, 0xcb, 0xef, 0x12, 0x04, 0xe0, 0x74, 0xed, 0x2b, 0xb1,
  0x84, 0xe0, 0x90, 0xcb, 0xf3, 0xf0, 0x90, 0xca, 0xdf, 0xe0, 0x90, 0xcb, 0xf4,
  0xf0, 0xb1, 0x99, 0x80, 0xa9, 0x90, 0xcb, 0xf3, 0xe0, 0xfe, 0xc4, 0x13, 0x54,
  0x07, 0xff, 0x90, 0xca, 0xdf, 0x12, 0xf5, 0xac, 0xe4, 0xfb, 0x31, 0x40, 0x90,
  0xcb, 0xf4, 0xe0, 0xb1, 0x82, 0x74, 0xff, 0xf0, 0xb1, 0x8c, 0xc0, 0x83, 0xc0,
  0x82, 0x12, 0x86, 0x49, 0xc0, 0x00, 0xc0, 0x01, 0xc0, 0x02, 0xc0, 0x03, 0x12,
  0x9f, 0xda, 0x80, 0x05, 0xc3, 0x33, 0xce, 0x33, 0xce, 0xd8, 0xf9, 0xd1, 0xcd,
  0xfc, 0xd0, 0x03, 0xd0, 0x02, 0xd0, 0x01, 0xd0, 0x00, 0x12, 0x86, 0x21, 0xd0,
  0x82, 0xd0, 0x83, 0x12, 0x9e, 0x78, 0x12, 0x04, 0xec, 0x00, 0x00, 0x00, 0x00,
  0xf1, 0xa7, 0x9f, 0x40, 0x02, 0x81, 0x57, 0x22, 0x24, 0xed, 0xf5, 0x82, 0xe4,
  0x34, 0xca, 0xf5, 0x83, 0x22, 0x90, 0xca, 0xdf, 0xe0, 0x75, 0xf0, 0x04, 0x90,
  0xc6, 0xfa, 0x02, 0x86, 0x55, 0x90, 0xca, 0xdf, 0xe0, 0x04, 0xf0, 0x22, 0x12,
  0x02, 0x06, 0xff, 0x54, 0x01, 0xfc, 0xef, 0x54, 0x02, 0xfe, 0x12, 0x02, 0x06,
  0x54, 0x04, 0xfd, 0x12, 0x02, 0x06, 0x54, 0x08, 0x90, 0xc9, 0xad, 0xf0, 0x12,
  0x02, 0x06, 0x54, 0x10, 0x90, 0xc9, 0xae, 0x12, 0x87, 0x90, 0x90, 0xc9, 0xaf,
  0xf0, 0xe0, 0xc4, 0x13, 0x54, 0x07, 0xa3, 0xf0, 0x90, 0xc9, 0xaf, 0xe0, 0x54,
  0x1f, 0x90, 0xc9, 0xb1, 0x12, 0x87, 0xdb, 0x54, 0x0f, 0x90, 0xc9, 0xb2, 0xf0,
  0xaf, 0x04, 0xef, 0x60, 0x13, 0xaf, 0x06, 0xef, 0x54, 0x01, 0xff, 0x90, 0xc9,
  0xaf, 0xe0, 0x75, 0xf0, 0x05, 0xf1, 0x9f, 0x54, 0xfe, 0x4f, 0xf0, 0xed, 0x70,
  0x02, 0xc1, 0x96, 0x90, 0xc9, 0xb0, 0xe0, 0xff, 0xa3, 0xe0, 0xfd, 0x90, 0xc9,
  0xad, 0xe0, 0xfb, 0x31, 0x40, 0x90, 0xc9, 0xad, 0xe0, 0x60, 0x41, 0x90, 0xc9,
  0xb0, 0xb1, 0x8f, 0xc0, 0x83, 0xc0, 0x82, 0x12, 0x86, 0x49, 0xc0, 0x00, 0xc0,
  0x01, 0xc0, 0x02, 0xc0, 0x03, 0x90, 0xc9, 0xb1, 0x12, 0x9f, 0xdd, 0x80, 0x05,
  0xc3, 0x33, 0xce, 0x33, 0xce, 0xd8, 0xf9, 0x12, 0x9f, 0xd2, 0xd0, 0x03, 0xd0,
  0x02, 0xd0, 0x01, 0xd0, 0x00, 0x12, 0x86, 0x2e, 0xd0, 0x82, 0xd0, 0x83, 0x12,
  0x9e, 0xa2, 0xf1, 0x8f, 0xd1, 0xe4, 0x12, 0x04, 0xe0, 0x80, 0x41, 0x90, 0xc9,
  0xb0, 0xb1, 0x8f, 0xc0, 0x83, 0xc0, 0x82, 0x12, 0x86, 0x49, 0xc0, 0x00, 0xc0,
  0x01, 0xc0, 0x02, 0xc0, 0x03, 0x90, 0xc9, 0xb1, 0x12, 0x9f, 0xdd, 0x80, 0x05,
  0xc3, 0x33, 0xce, 0x33, 0xce, 0xd8, 0xf9, 0xd1, 0xcd, 0xfc, 0xd0, 0x03, 0xd0,
  0x02, 0xd0, 0x01, 0xd0, 0x00, 0x12, 0x86, 0x21, 0xd0, 0x82, 0xd0, 0x83, 0x12,
  0x04, 0xe0, 0xd1, 0xe4, 0x12, 0x04, 0xec, 0x00, 0x00, 0x00, 0x00, 0x90, 0xc9,
  0xae, 0xe0, 0x60, 0x16, 0xa3, 0xe0, 0xff, 0xd1, 0xc4, 0xe0, 0xfe, 0x90, 0xc9,
  0xb2, 0xe0, 0xf4, 0x5e, 0xfe, 0x75, 0xf0, 0x18, 0xef, 0xd1, 0xc7, 0xee, 0xf0,
  0x22, 0x90, 0xcd, 0x52, 0xe0, 0xfe, 0xa3, 0xe0, 0x22, 0xa3, 0xe0, 0x75, 0xf0,
  0x03, 0xa4, 0x24, 0xfe, 0x22, 0x75, 0xf0, 0x18, 0x90, 0x89, 0x02, 0x02, 0x86,
  0x55, 0xf4, 0xff, 0xee, 0xf4, 0xfe, 0x33, 0x95, 0xe0, 0xfd, 0x22, 0xfe, 0xfd,
  0xfc, 0x90, 0xcd, 0x39, 0x12, 0x86, 0x49, 0xc3, 0x02, 0x04, 0x75, 0x90, 0xc9,
  0xaf, 0xe0, 0x75, 0xf0, 0x05, 0x90, 0xc7, 0x0a, 0x02, 0x86, 0x55, 0x90, 0xae,
  0x5c, 0xf0, 0xe4, 0xfb, 0xfd, 0x7f, 0x58, 0x7e, 0x01, 0x02, 0x66, 0xc8, 0xf0,
  0xe4, 0x90, 0xae, 0x5b, 0xf0, 0x90, 0xa7, 0x6b, 0xe0, 0x90, 0xae, 0x5c, 0xf0,
  0xe4, 0xfb, 0xfd, 0x7f, 0x54, 0x7e, 0x01, 0x02, 0x66, 0xc8, 0x90, 0xc9, 0xa3,
  0xe0, 0xff, 0x12, 0x8f, 0xd8, 0x30, 0xe0, 0x1e, 0xef, 0xc4, 0x54, 0x0f, 0x30,
  0xe0, 0x03, 0x12, 0xd2, 0x3e, 0x90, 0xc9, 0xa4, 0xe0, 0x30, 0xe0, 0x0d, 0x51,
  0xe8, 0x54, 0x03, 0x7d, 0x00, 0x20, 0xe0, 0x02, 0x7d, 0x01, 0x11, 0x6a, 0x22,
  0xe4, 0xfb, 0x75, 0xf0, 0x04, 0xeb, 0xb1, 0x93, 0x12, 0x04, 0xec, 0x00, 0x00,
  0x00, 0x00, 0x0b, 0xeb, 0xb4, 0x04, 0xee, 0xe4, 0xfb, 0x75, 0xf0, 0x05, 0xeb,
  0xd1, 0xeb, 0x12, 0x04, 0xec, 0x00, 0x00, 0x00, 0x00, 0x75, 0xf0, 0x05, 0xeb,
  0xf1, 0x9f, 0x54, 0xf9, 0xf0, 0x0b, 0xeb, 0xb4, 0x80, 0xe5, 0xf1, 0xe8, 0x7a,
  0xc9, 0x79, 0x8a, 0x02, 0x05, 0x73, 0x12, 0x05, 0xab, 0x02, 0x86, 0x13, 0x12,
  0x86, 0x49, 0xd3, 0x02, 0x04, 0x75, 0x7e, 0x00, 0x7f, 0x80, 0x02, 0x01, 0xe0,
  0x12, 0x86, 0x06, 0x78, 0x10, 0x02, 0x04, 0xad, 0xf5, 0x82, 0xe4, 0x34, 0xcb,
  0xf5, 0x83, 0x22, 0x90, 0xc7, 0x0e, 0x12, 0x86, 0x55, 0xe0, 0x22, 0x90, 0xc9,
  0x8b, 0xe0, 0x54, 0x1f, 0xff, 0x90, 0xcb, 0xee, 0xe0, 0xd3, 0x22, 0x90, 0xcb,
  0xed, 0xe0, 0xff, 0x90, 0xca, 0xdf, 0xe0, 0xfe, 0xc3, 0x9f, 0x22, 0x7d, 0x01,
  0x7f, 0x04, 0x02, 0x05, 0x71, 0xef, 0x13, 0x13, 0x13, 0x54, 0x1f, 0x22, 0x90,
  0xa5, 0xfb, 0xe0, 0x44, 0x10, 0xf0, 0x22, 0x4f, 0xff, 0xf0, 0x12, 0x02, 0x06,
  0xfe, 0x22, 0xe4, 0xff, 0x12, 0x77, 0x65, 0xef, 0x64, 0x01, 0x22, 0x7e, 0x00,
  0x7f, 0x02, 0x7d, 0x00, 0x7b, 0x01, 0x22, 0x12, 0x02, 0x06, 0x54, 0x01, 0xff,
  0x90, 0xc9, 0xa8, 0xe0, 0x54, 0xfe, 0x4f, 0xf0, 0x22, 0x12, 0x02, 0x06, 0x90,
  0xc9, 0xd0, 0x12, 0x87, 0x90, 0x90, 0xc9, 0xd1, 0xf0, 0x60, 0x19, 0x11, 0x5a,
  0x11, 0x62, 0x90, 0xc9, 0xd1, 0x11, 0x5a, 0x90, 0xa9, 0x06, 0xe0, 0xfa, 0xa3,
  0xe0, 0xf5, 0x82, 0x8a, 0x83, 0x7b, 0x57, 0x12, 0x05, 0x71, 0x90, 0xc9, 0xad,
  0x74, 0x20, 0xf0, 0x90, 0xc9, 0xcf, 0x74, 0x03, 0xf0, 0x90, 0x05, 0x22, 0xe0,
  0x90, 0xc9, 0xaf, 0xf0, 0x90, 0xc9, 0xa9, 0xe0, 0x90, 0xc9, 0xb0, 0xf0, 0x90,
  0xc9, 0xaa, 0xe0, 0x90, 0xc9, 0xb1, 0xf0, 0x7b, 0x01, 0x7a, 0xc9, 0x79, 0xad,
  0x12, 0x8d, 0x89, 0x7f, 0x04, 0x02, 0x05, 0x71, 0xe0, 0xff, 0x90, 0xc9, 0xd0,
  0xe0, 0xfd, 0x22, 0xef, 0xb4, 0xff, 0x06, 0x90, 0xc9, 0xa9, 0xed, 0xf0, 0x22,
  0xef, 0xf4, 0xfe, 0x90, 0xc9, 0xa9, 0xe0, 0x5e, 0xfe, 0xed, 0x5f, 0x4e, 0xf0,
  0x22, 0xef, 0xb4, 0xff, 0x06, 0x90, 0xc9, 0xaa, 0xed, 0xf0, 0x22, 0xef, 0xf4,
  0xfe, 0x90, 0xc9, 0xaa, 0x80, 0xe6, 0xeb, 0xb4, 0x57, 0x04, 0x11, 0xac, 0x80,
  0x0e, 0xef, 0x70, 0x07, 0x90, 0xc9, 0xa9, 0xe0, 0x4d, 0x80, 0x04, 0x11, 0x7a,
  0x11, 0xac, 0x90, 0x05, 0x22, 0xf0, 0x90, 0xc6, 0x85, 0xeb, 0xf0, 0x22, 0x90,
  0xc9, 0xaa, 0xe0, 0xff, 0x90, 0xc9, 0xa9, 0xe0, 0x4f, 0x22, 0xf1, 0xd3, 0xff,
  0x54, 0x7f, 0x90, 0xa5, 0xf7, 0xf0, 0xef, 0x12, 0x8f, 0xd8, 0xa3, 0x12, 0x87,
  0x90, 0xfd, 0x54, 0xf0, 0xc4, 0x54, 0x0f, 0xff, 0x90, 0xa5, 0xf5, 0xe0, 0x54,
  0xf0, 0x4f, 0x12, 0x87, 0x97, 0xfc, 0x54, 0x01, 0x25, 0xe0, 0xff, 0x90, 0xa5,
  0xf2, 0xe0, 0x54, 0xfd, 0x4f, 0xf0, 0xec, 0x54, 0x04, 0xc3, 0x13, 0xff, 0x90,
  0xa5, 0xf4, 0xe0, 0x54, 0xfd, 0x4f, 0xf0, 0xed, 0x54, 0x0f, 0xc4, 0x54, 0xf0,
  0xff, 0xa3, 0xe0, 0x54, 0x0f, 0x12, 0x87, 0xda, 0x90, 0xa5, 0xf6, 0x12, 0x87,
  0x9e, 0xfd, 0x90, 0xa9, 0x08, 0x12, 0x8d, 0x9b, 0x7f, 0x02, 0x12, 0x05, 0x71,
  0x90, 0xa7, 0x72, 0xb1, 0x68, 0x54, 0xfb, 0xf0, 0x54, 0xf7, 0xf0, 0x54, 0xef,
  0xf0, 0x54, 0xdf, 0xf0, 0x54, 0xbf, 0xf0, 0x12, 0x88, 0xcc, 0x12, 0x5a, 0x67,
  0x90, 0xa5, 0xf7, 0xe0, 0xb4, 0x01, 0x07, 0x90, 0xa5, 0xf4, 0xe0, 0x54, 0xfb,
  0xf0, 0x12, 0xcf, 0x81, 0xf0, 0x90, 0xa5, 0xf7, 0x12, 0xf6, 0xb6, 0x31, 0x4e,
  0x90, 0x01, 0xbe, 0xf0, 0x22, 0xf0, 0x90, 0xa5, 0xf5, 0xe0, 0x54, 0x0f, 0x22,
  0xe4, 0xff, 0x12, 0x77, 0x65, 0xbf, 0x01, 0x17, 0x90, 0xa5, 0xf7, 0xe0, 0x60,
  0x11, 0x31, 0x4f, 0x64, 0x02, 0x60, 0x08, 0x90, 0xa9, 0x5a, 0x31, 0xb7, 0x02,
  0x05, 0x6d, 0x12, 0x77, 0xb5, 0x22, 0x90, 0xa5, 0xfa, 0xe0, 0xb4, 0x04, 0x02,
  0xd1, 0x86, 0x90, 0xa7, 0x74, 0xe0, 0x20, 0xe0, 0x30, 0x90, 0xa5, 0xf7, 0xe0,
  0x64, 0x01, 0x70, 0x28, 0x31, 0x4f, 0x60, 0x15, 0x90, 0xa9, 0x36, 0x12, 0x8d,
  0x9b, 0xe4, 0xfd, 0x7f, 0x0c, 0x12, 0x05, 0x71, 0x90, 0xa9, 0x74, 0x31, 0xb7,
  0x02, 0x05, 0x6d, 0x90, 0xa5, 0xfa, 0xe0, 0x70, 0x09, 0x90, 0xa9, 0x36, 0x12,
  0x8d, 0x9b, 0x12, 0xaf, 0xc1, 0x22, 0xe0, 0xfe, 0xa3, 0xe0, 0xaa, 0x06, 0xf9,
  0x22, 0x12, 0x02, 0x06, 0xff, 0x12, 0x87, 0x91, 0x90, 0xc9, 0xaf, 0x12, 0x87,
  0xdb, 0x90, 0xc9, 0xb0, 0x12, 0x87, 0x97, 0x90, 0xc9, 0xb1, 0x12, 0x87, 0x9e,
  0x90, 0xc9, 0xb2, 0xf1, 0xb4, 0x90, 0xc9, 0xb3, 0xf1, 0xad, 0x90, 0xc9, 0xb4,
  0xf0, 0xef, 0x12, 0x86, 0x6a, 0xb2, 0x0c, 0x00, 0xb2, 0x18, 0x01, 0xb2, 0x1f,
  0x02, 0xb2, 0x26, 0x03, 0xb2, 0x2d, 0x04, 0xb2, 0x34, 0x05, 0xb2, 0x45, 0x06,
  0xb2, 0x6e, 0x07, 0xb2, 0xcd, 0x08, 0xb2, 0xd5, 0x09, 0x00, 0x00, 0xb3, 0x14,
  0x90, 0xc9, 0xad, 0x74, 0x02, 0xf0, 0xa3, 0x74, 0x29, 0xf0, 0x61, 0x19, 0x71,
  0x3d, 0x74, 0x2a, 0xf0, 0x61, 0x19, 0x71, 0x35, 0x74, 0x31, 0xf0, 0x61, 0x19,
  0x71, 0x35, 0x74, 0x32, 0xf0, 0x61, 0x19, 0x71, 0x3d, 0x74, 0x33, 0xf0, 0x61,
  0x19, 0x12, 0xa7, 0xef, 0x90, 0xa8, 0xfe, 0xe0, 0xfe, 0xa3, 0xe0, 0xff, 0xf5,
  0x82, 0x8e, 0x83, 0x61, 0x31, 0x90, 0xc9, 0xaf, 0xe0, 0x90, 0xa7, 0xcc, 0xf0,
  0x90, 0xc9, 0xb0, 0xe0, 0x90, 0xa7, 0xcd, 0xf0, 0x90, 0xc9, 0xb1, 0xe0, 0x90,
  0xa7, 0xce, 0xf0, 0x90, 0xc9, 0xb2, 0xe0, 0x90, 0xa7, 0xcf, 0xf0, 0x90, 0xc9,
  0xb3, 0xe0, 0x90, 0xa7, 0xd0, 0xf0, 0x22, 0x90, 0xc9, 0xaf, 0xe0, 0x90, 0xa7,
  0xb1, 0xf0, 0x90, 0xc9, 0xb2, 0x12, 0x8f, 0xe6, 0x78, 0x10, 0x12, 0x04, 0xad,
  0xc0, 0x04, 0xc0, 0x05, 0xc0, 0x06, 0xc0, 0x07, 0xa3, 0x12, 0x8f, 0xe6, 0x78,
  0x18, 0x12, 0x04, 0xad, 0xd0, 0x03, 0xd0, 0x02, 0xd0, 0x01, 0xd0, 0x00, 0x12,
  0x86, 0x2e, 0xc0, 0x04, 0xc0, 0x05, 0xc0, 0x06, 0xc0, 0x07, 0x90, 0xc9, 0xb1,
  0x12, 0x8f, 0xe6, 0x78, 0x08, 0x12, 0x04, 0xad, 0xd0, 0x03, 0xd0, 0x02, 0xd0,
  0x01, 0xd0, 0x00, 0x12, 0x86, 0x2e, 0x12, 0x9c, 0x02, 0x90, 0xc9, 0xb0, 0x12,
  0x8f, 0xe6, 0x12, 0x86, 0x2e, 0x90, 0xa7, 0xa7, 0x02, 0x04, 0xe0, 0x90, 0xa9,
  0x72, 0x31, 0xb7, 0x02, 0x05, 0x6d, 0x90, 0xc9, 0xab, 0xe0, 0x44, 0x01, 0xff,
  0xf0, 0x90, 0xc9, 0xaf, 0xe0, 0x54, 0x7f, 0x25, 0xe0, 0xfe, 0xef, 0x54, 0x01,
  0x4e, 0x90, 0xc9, 0xab, 0xf0, 0xe0, 0xff, 0xc3, 0x13, 0x54, 0x7f, 0xc3, 0x94,
  0x1e, 0x50, 0x06, 0xef, 0x54, 0x01, 0x44, 0x3c, 0xf0, 0x90, 0xc9, 0xab, 0xe0,
  0xff, 0xc3, 0x13, 0x54, 0x7f, 0xd3, 0x94, 0x50, 0x40, 0x27, 0xef, 0x54, 0x01,
  0x44, 0xa0, 0xf0, 0x22, 0x71, 0x35, 0x74, 0xff, 0xf0, 0x90, 0xc9, 0xae, 0xe0,
  0xff, 0x90, 0xc9, 0xad, 0xe0, 0xfd, 0x12, 0xa7, 0xef, 0x90, 0xa9, 0x4a, 0xe0,
  0xf8, 0xa3, 0xe0, 0xf5, 0x82, 0x88, 0x83, 0x12, 0x05, 0x71, 0x22, 0x90, 0xc9,
  0xad, 0x74, 0x01, 0xf0, 0xa3, 0x22, 0x90, 0xc9, 0xad, 0x74, 0x06, 0xf0, 0xa3,
  0x22, 0x71, 0xca, 0xf1, 0x9f, 0x7f, 0x01, 0x71, 0x55, 0x90, 0xa9, 0x7a, 0x31,
  0xb7, 0x02, 0x05, 0x6d, 0xd3, 0x10, 0xaf, 0x01, 0xc3, 0xc0, 0xd0, 0x90, 0xa5,
  0xf4, 0xe0, 0xc3, 0x13, 0x30, 0xe0, 0x25, 0x90, 0xcc, 0xce, 0x74, 0x1e, 0xf0,
  0x90, 0xcc, 0xf0, 0x74, 0x01, 0xf0, 0x90, 0xcc, 0xd0, 0xef, 0xf0, 0x7b, 0x01,
  0x7a, 0xcc, 0x79, 0xce, 0x12, 0xc7, 0x83, 0x90, 0xa9, 0x5e, 0x12, 0x8d, 0x9b,
  0x7f, 0x04, 0x12, 0x05, 0x71, 0xd0, 0xd0, 0x92, 0xaf, 0x22, 0x12, 0xaa, 0x00,
  0xe4, 0xff, 0x71, 0x55, 0x90, 0xc6, 0xc4, 0xe0, 0x30, 0xe0, 0x02, 0x91, 0x0f,
  0x90, 0xa9, 0x7a, 0x12, 0x88, 0xdd, 0x90, 0xc9, 0x8d, 0xe0, 0x30, 0xe0, 0x1d,
  0x90, 0x01, 0x57, 0xe4, 0xf0, 0x90, 0xa9, 0x06, 0x12, 0x8d, 0x9b, 0x12, 0x88,
  0xd2, 0xf1, 0x98, 0x30, 0xe0, 0x08, 0x90, 0xa9, 0x08, 0x12, 0x8d, 0x9b, 0xf1,
  0x83, 0xf1, 0xbb, 0x22, 0xe4, 0x90, 0xca, 0xde, 0xf0, 0x90, 0xa5, 0xf7, 0xe0,
  0x60, 0x39, 0x12, 0xaf, 0xdf, 0x70, 0x34, 0xf1, 0xc3, 0xf0, 0x12, 0xf6, 0x46,
  0x90, 0xca, 0xde, 0x74, 0x01, 0xf0, 0xe4, 0x90, 0xa5, 0xfe, 0xf0, 0x04, 0x60,
  0x20, 0x90, 0xa5, 0xfa, 0xe0, 0x20, 0xe2, 0x09, 0x90, 0xa9, 0x36, 0x12, 0x8d,
  0x9b, 0x12, 0xaf, 0xc1, 0x12, 0xaf, 0xcf, 0xe4, 0x90, 0xae, 0x5b, 0xf0, 0x90,
  0xa5, 0xff, 0xf1, 0x8a, 0x12, 0xaf, 0x09, 0x22, 0x90, 0xc6, 0xd0, 0xe0, 0xfd,
  0x7c, 0x00, 0xa3, 0xe0, 0xfe, 0xa3, 0xe0, 0xff, 0x12, 0x02, 0x92, 0xed, 0x4c,
  0x70, 0x05, 0x90, 0xc6, 0xdd, 0x80, 0x2a, 0xed, 0x64, 0x01, 0x4c, 0x70, 0x05,
  0x90, 0xc6, 0xde, 0x80, 0x1f, 0xed, 0x64, 0x02, 0x4c, 0x70, 0x05, 0x90, 0xc6,
  0xdf, 0x80, 0x14, 0xed, 0x64, 0x03, 0x4c, 0x70, 0x05, 0x90, 0xc6, 0xe0, 0x80,
  0x09, 0xed, 0x64, 0x04, 0x4c, 0x70, 0x0c, 0x90, 0xc6, 0xe1, 0xe0, 0xff, 0xf1,
  0xe5, 0x90, 0xc6, 0xd1, 0xf1, 0x49, 0x22, 0xe4, 0xf5, 0x75, 0x90, 0x06, 0xa9,
  0xe0, 0xf5, 0x75, 0x54, 0xc0, 0x70, 0x0f, 0x90, 0xa5, 0xfb, 0xb1, 0x68, 0x91,
  0xcc, 0x90, 0xa5, 0xfa, 0xe0, 0x60, 0x55, 0xc1, 0x86, 0xe5, 0x75, 0x30, 0xe6,
  0x32, 0x90, 0xa5, 0xf7, 0xe0, 0x64, 0x01, 0x70, 0x2c, 0x90, 0xa5, 0xfb, 0xe0,
  0x44, 0x01, 0x31, 0x4e, 0x64, 0x02, 0x60, 0x08, 0x90, 0xa9, 0x5a, 0x12, 0x88,
  0xdd, 0x80, 0x18, 0xb1, 0x5a, 0x60, 0x05, 0x12, 0x74, 0x55, 0x80, 0x0f, 0x12,
  0x74, 0x55, 0x90, 0xa9, 0x2e, 0x12, 0x8d, 0x9b, 0xb1, 0x61, 0x80, 0x02, 0xd1,
  0xb6, 0xe5, 0x75, 0x90, 0xa5, 0xfb, 0x30, 0xe7, 0x0e, 0xe0, 0x44, 0x02, 0x12,
  0xae, 0xff, 0x90, 0xa5, 0xf2, 0xe0, 0x44, 0x04, 0xf0, 0x22, 0xe0, 0x54, 0xfd,
  0xf0, 0x22, 0xd1, 0x8e, 0x7d, 0x01, 0x02, 0x05, 0x71, 0x90, 0xa5, 0xf3, 0x12,
  0xb9, 0x17, 0x30, 0xe0, 0x0b, 0xef, 0xc4, 0x13, 0x13, 0x54, 0x03, 0x30, 0xe0,
  0x02, 0xf1, 0x91, 0x90, 0xa5, 0xf2, 0x12, 0xbd, 0x96, 0x30, 0xe0, 0x07, 0xef,
  0xd1, 0xfb, 0x70, 0x5c, 0x80, 0x58, 0x90, 0xa6, 0x00, 0xe0, 0x04, 0xf0, 0x90,
  0xa5, 0xfb, 0xe0, 0x54, 0xef, 0xf0, 0x12, 0xf3, 0xc2, 0x40, 0x46, 0x12, 0xaf,
  0xdf, 0x70, 0x43, 0x31, 0x4f, 0x70, 0x08, 0x90, 0xa9, 0x6a, 0x12, 0x88, 0xdd,
  0x80, 0x38, 0x90, 0xa9, 0x6a, 0x12, 0x88, 0xdd, 0x90, 0xa6, 0x01, 0xe0, 0x04,
  0xf0, 0xe0, 0xd3, 0x94, 0x02, 0x40, 0x09, 0xb1, 0x52, 0xe4, 0x90, 0xa6, 0x01,
  0xf0, 0x80, 0x14, 0xb1, 0x5a, 0x60, 0x05, 0x12, 0x74, 0x55, 0x80, 0x0b, 0x12,
  0x74, 0x55, 0x90, 0xa9, 0x2e, 0x12, 0x8d, 0x9b, 0xb1, 0x61, 0xe4, 0x90, 0xa6,
  0x00, 0xf0, 0x22, 0x91, 0xcc, 0x22, 0x90, 0xa5, 0xf3, 0xe0, 0x54, 0xfb, 0xf0,
  0x22, 0x90, 0xa5, 0xfa, 0xe0, 0x64, 0x0c, 0x22, 0x7d, 0x08, 0xe4, 0xff, 0x02,
  0x05, 0x71, 0xe0, 0x54, 0xfe, 0xf0, 0x54, 0xfd, 0xf0, 0x22, 0x90, 0xc9, 0x8d,
  0xb1, 0x68, 0x54, 0xef, 0xf0, 0x44, 0x08, 0xf0, 0x90, 0xa4, 0x63, 0xe0, 0xff,
  0x64, 0x02, 0x70, 0x29, 0xd1, 0x0c, 0x30, 0xe0, 0x02, 0x7e, 0x01, 0x90, 0xc9,
  0x93, 0xd1, 0x0a, 0x30, 0xe1, 0x02, 0x7e, 0x01, 0x90, 0xc9, 0x91, 0xd1, 0x0a,
  0x30, 0xe2, 0x02, 0x7e, 0x01, 0x90, 0xc9, 0x92, 0xee, 0xf0, 0x90, 0xfd, 0x80,
  0xe0, 0x90, 0x02, 0xfb, 0xf0, 0x22, 0xef, 0x64, 0x01, 0x70, 0x1d, 0xd1, 0x03,
  0x30, 0xe0, 0x02, 0x7f, 0x01, 0x90, 0xc9, 0x93, 0xd1, 0x01, 0x30, 0xe1, 0x02,
  0x7f, 0x01, 0x90, 0xc9, 0x91, 0xd1, 0x01, 0x30, 0xe2, 0x02, 0x7f, 0x01, 0x80,
  0x23, 0x90, 0xa4, 0x63, 0xe0, 0x64, 0x03, 0x70, 0x20, 0xb1, 0xfa, 0x30, 0xe0,
  0x02, 0x7f, 0x01, 0x90, 0xc9, 0x93, 0xb1, 0xf8, 0x30, 0xe1, 0x02, 0x7f, 0x01,
  0x90, 0xc9, 0x91, 0xb1, 0xf8, 0x30, 0xe2, 0x02, 0x7f, 0x01, 0x90, 0xc9, 0x92,
  0xef, 0xf0, 0x22, 0xef, 0xf0, 0x90, 0xfd, 0x78, 0xe0, 0x7f, 0x00, 0x22, 0xef,
  0xf0, 0x90, 0xfd, 0x70, 0xe0, 0x7f, 0x00, 0x22, 0xee, 0xf0, 0x90, 0xfd, 0x80,
  0xe0, 0x7e, 0x00, 0x22, 0x7e, 0x00, 0x7f, 0x47, 0x7d, 0x00, 0x7b, 0x01, 0x7a,
  0xa7, 0x79, 0x74, 0x12, 0x05, 0x73, 0x90, 0xa7, 0x75, 0x74, 0x0b, 0xf0, 0x7e,
  0x00, 0x7f, 0x01, 0x7d, 0x00, 0x7b, 0x01, 0x7a, 0xc9, 0x79, 0xab, 0x12, 0x05,
  0x73, 0x90, 0xa4, 0x63, 0xe0, 0xfc, 0x64, 0x02, 0x70, 0x14, 0xd1, 0x0c, 0x30,
  0xe2, 0x02, 0x7e, 0x01, 0xee, 0xd1, 0x7e, 0xfe, 0x90, 0xa7, 0x77, 0xe0, 0x54,
  0xbf, 0x4e, 0xf0, 0x22, 0xec, 0x64, 0x01, 0x70, 0x09, 0xd1, 0x03, 0x30, 0xe2,
  0x02, 0x7f, 0x01, 0x80, 0x0f, 0x90, 0xa4, 0x63, 0xe0, 0x64, 0x03, 0x70, 0x13,
  0xb1, 0xfa, 0x30, 0xe2, 0x02, 0x7f, 0x01, 0xef, 0xd1, 0x7e, 0xff, 0x90, 0xa7,
  0x77, 0xe0, 0x54, 0xbf, 0x4f, 0xf0, 0x22, 0x54, 0x01, 0xc4, 0x33, 0x33, 0x54,
  0xc0, 0x22, 0x90, 0x00, 0x02, 0xe0, 0x44, 0x01, 0xf0, 0x22, 0x90, 0xa5, 0xf9,
  0xe0, 0xff, 0x90, 0xa9, 0x36, 0xe0, 0xfc, 0xa3, 0xe0, 0xf5, 0x82, 0x8c, 0x83,
  0x22, 0xe4, 0xff, 0x12, 0x77, 0x65, 0xbf, 0x01, 0x0e, 0x90, 0xa5, 0xf7, 0xe0,
  0x60, 0x08, 0xd1, 0xb6, 0x54, 0x07, 0x70, 0x02, 0x91, 0xcc, 0x22, 0x90, 0xa5,
  0xfb, 0xe0, 0x54, 0xfe, 0xf0, 0x22, 0x90, 0xa5, 0xf7, 0xe0, 0x60, 0x13, 0x90,
  0x06, 0x92, 0xe0, 0x30, 0xe1, 0x08, 0x90, 0xa9, 0x74, 0x12, 0x88, 0xdd, 0x80,
  0x04, 0xf1, 0xcb, 0x91, 0xcc, 0x02, 0xaf, 0x17, 0x12, 0xaf, 0xdf, 0x70, 0x1b,
  0x90, 0xa5, 0xf7, 0xe0, 0x60, 0x15, 0x90, 0xa5, 0xfb, 0xe0, 0x20, 0xe4, 0x0e,
  0x12, 0xcd, 0xbd, 0xf0, 0x90, 0xa5, 0xf2, 0xe0, 0xd1, 0xfb, 0x70, 0x02, 0x91,
  0xcc, 0x22, 0x54, 0xfb, 0xf0, 0x90, 0xa5, 0xfb, 0xe0, 0x54, 0xfd, 0xf0, 0x54,
  0x07, 0x22, 0xf1, 0x43, 0x12, 0x7b, 0xcf, 0x12, 0xa2, 0xa8, 0x12, 0xf1, 0x60,
  0xb1, 0x70, 0x12, 0xaf, 0x41, 0xf1, 0x2d, 0x12, 0xf1, 0x1f, 0x90, 0xa8, 0xee,
  0x12, 0x88, 0xdd, 0x12, 0xd2, 0x21, 0x90, 0xc9, 0x96, 0x74, 0x01, 0xf0, 0x22,
  0xe4, 0xfb, 0x75, 0xf0, 0x04, 0xeb, 0x12, 0xf6, 0xaa, 0x12, 0x04, 0xec, 0x00,
  0x00, 0x00, 0x00, 0x0b, 0xeb, 0xb4, 0x04, 0xed, 0x22, 0xe4, 0xfd, 0xff, 0x02,
  0x6e, 0xb0, 0xe4, 0x75, 0xf0, 0x01, 0x02, 0x03, 0x1d, 0xe4, 0x90, 0xcd, 0x69,
  0xf0, 0xa3, 0xf0, 0x90, 0x02, 0x86, 0xe0, 0x20, 0xe1, 0x22, 0xc3, 0x90, 0xcd,
  0x6a, 0xe0, 0x94, 0xd0, 0x90, 0xcd, 0x69, 0xe0, 0x94, 0x07, 0x40, 0x0a, 0x90,
  0x01, 0xc1, 0xe0, 0x44, 0x04, 0xf0, 0x7f, 0x00, 0x22, 0x90, 0xcd, 0x69, 0xf1,
  0x49, 0xf1, 0xa6, 0x80, 0xd7, 0x7f, 0x01, 0x22, 0x7d, 0x0c, 0x7f, 0x01, 0x02,
  0x05, 0x71, 0xe0, 0x13, 0x13, 0x13, 0x54, 0x1f, 0x22, 0x7d, 0x02, 0x7f, 0x02,
  0x02, 0x7c, 0xa9, 0x90, 0xc9, 0x8d, 0xe0, 0xc3, 0x13, 0x22, 0x7d, 0x02, 0x7f,
  0x02, 0x02, 0x7c, 0x77, 0x7f, 0x0a, 0x7e, 0x00, 0x02, 0x7b, 0x5d, 0xf0, 0x90,
  0x00, 0x06, 0x02, 0x02, 0x1f, 0xf0, 0x90, 0x00, 0x05, 0x02, 0x02, 0x1f, 0x90,
  0xc9, 0x8d, 0xe0, 0x44, 0x10, 0xf0, 0x22, 0x90, 0xa5, 0xfd, 0xe0, 0x90, 0x05,
  0x73, 0x22, 0x90, 0xa5, 0xf2, 0xe0, 0x54, 0xf7, 0xf0, 0x22, 0x90, 0xc9, 0xad,
  0x12, 0x86, 0x61, 0x02, 0x02, 0x06, 0x90, 0xa5, 0xf7, 0xe0, 0x60, 0x02, 0x31,
  0x76, 0x22, 0x90, 0x04, 0x24, 0xef, 0xf0, 0x90, 0x04, 0x57, 0xf0, 0x22, 0x12,
  0x02, 0x06, 0x90, 0xa7, 0x73, 0xf0, 0x60, 0x36, 0xa3, 0xe0, 0x20, 0xe0, 0x31,
  0x90, 0xa9, 0x36, 0x12, 0x8d, 0x9b, 0xe4, 0xfd, 0x7f, 0x04, 0x12, 0x05, 0x71,
  0x90, 0xa7, 0x72, 0xe0, 0xff, 0xc3, 0x13, 0x30, 0xe0, 0x1a, 0x12, 0xaf, 0xc8,
  0x20, 0xe0, 0x14, 0x90, 0xa7, 0x72, 0xe0, 0x13, 0x13, 0x54, 0x3f, 0x30, 0xe0,
  0x04, 0x7f, 0x0d, 0x80, 0x02, 0x7f, 0x09, 0x12, 0x70, 0x2d, 0x22, 0x12, 0xb7,
  0xd3, 0xff, 0x54, 0x01, 0xfe, 0x90, 0xc9, 0x8d, 0xe0, 0x54, 0xfe, 0x4e, 0xfe,
  0xf0, 0xef, 0x54, 0x02, 0xff, 0xee, 0x54, 0xfd, 0x12, 0xaf, 0xd7, 0x54, 0x04,
  0xfd, 0xef, 0x54, 0xfb, 0x4d, 0xff, 0x90, 0xc9, 0x8d, 0xf0, 0xee, 0x54, 0x08,
  0xfe, 0xef, 0x54, 0xf7, 0x4e, 0xf0, 0x90, 0x05, 0x52, 0xe0, 0x54, 0x07, 0x90,
  0xc9, 0xad, 0x60, 0x16, 0x12, 0x05, 0xdc, 0x12, 0x87, 0x91, 0xfd, 0x90, 0x05,
  0x56, 0xe0, 0xc3, 0x9d, 0x90, 0xc9, 0x8f, 0xf0, 0xa3, 0xed, 0xf0, 0x80, 0x26,
  0x12, 0x05, 0xdc, 0x12, 0x87, 0x91, 0xfb, 0xff, 0x90, 0x05, 0x54, 0xe0, 0xc3,
  0x9f, 0xff, 0xe4, 0x94, 0x00, 0xfe, 0x7c, 0x00, 0x7d, 0x05, 0x12, 0x02, 0x92,
  0x90, 0xc9, 0x8f, 0xef, 0xf0, 0xeb, 0x75, 0xf0, 0x05, 0x84, 0xa3, 0xf0, 0x12,
  0x88, 0xcc, 0x12, 0x02, 0x06, 0x20, 0xe0, 0x12, 0x12, 0x88, 0xda, 0x90, 0xa9,
  0x06, 0x12, 0x8d, 0x9b, 0x31, 0x0c, 0x90, 0x01, 0x57, 0xe4, 0xf0, 0x80, 0x0c,
  0x90, 0xa9, 0x08, 0x12, 0x8d, 0x9b, 0x12, 0xb7, 0x83, 0x12, 0xb7, 0xbb, 0x31,
  0x14, 0x20, 0xe0, 0x04, 0xef, 0x44, 0x20, 0xf0, 0x12, 0xb7, 0x98, 0x30, 0xe0,
  0x19, 0x90, 0xa5, 0xf7, 0x74, 0x01, 0xf0, 0xe4, 0x90, 0xa5, 0xf9, 0xf0, 0x90,
  0xa5, 0xf3, 0xe0, 0x44, 0x04, 0xb1, 0xcb, 0x74, 0x06, 0xf0, 0x02, 0x6e, 0x6e,
  0xe4, 0x90, 0xa5, 0xf7, 0xf0, 0x90, 0xa5, 0xf9, 0x74, 0x0c, 0xf0, 0x90, 0xa5,
  0xf2, 0xe0, 0x54, 0xfe, 0xf0, 0xa3, 0xe0, 0x54, 0xfb, 0xf0, 0x22, 0xe4, 0xfb,
  0xfd, 0x7f, 0xff, 0x02, 0x05, 0x71, 0x90, 0xc9, 0x8d, 0xe0, 0xff, 0x13, 0x13,
  0x13, 0x54, 0x1f, 0x22, 0x90, 0xa7, 0x9c, 0xe0, 0xff, 0xc3, 0x13, 0x30, 0xe0,
  0x04, 0xef, 0x54, 0xfd, 0xf0, 0x90, 0xa7, 0x9c, 0x31, 0x17, 0x30, 0xe0, 0x1b,
  0xef, 0x54, 0xf7, 0xf0, 0x90, 0xfd, 0x58, 0xe0, 0x30, 0xe0, 0x10, 0x90, 0xa9,
  0x78, 0x12, 0x8d, 0x9b, 0x51, 0x0f, 0x12, 0x8d, 0x9b, 0x7f, 0x04, 0x12, 0x05,
  0x71, 0x90, 0xa7, 0x9c, 0xf1, 0x64, 0x30, 0xe0, 0x04, 0xef, 0x54, 0xdf, 0xf0,
  0x90, 0xa7, 0x9c, 0xe0, 0xff, 0x12, 0x8f, 0xd8, 0x30, 0xe0, 0x32, 0xef, 0x54,
  0x7f, 0xf0, 0x90, 0xfd, 0x58, 0xe0, 0x20, 0xe0, 0x08, 0x90, 0xca, 0xde, 0x74,
  0x01, 0xf0, 0x80, 0x05, 0xe4, 0x90, 0xca, 0xde, 0xf0, 0x90, 0xca, 0xde, 0xe0,
  0xfd, 0x90, 0xa7, 0xa1, 0xe0, 0xfb, 0x90, 0xa9, 0x5c, 0x12, 0x8d, 0x9b, 0x51,
  0x0f, 0x12, 0x8d, 0x9b, 0x7f, 0x04, 0x12, 0x05, 0x71, 0x90, 0xa7, 0x9d, 0xe0,
  0xff, 0xc3, 0x13, 0x30, 0xe0, 0x04, 0xef, 0x54, 0xfd, 0xf0, 0x90, 0xfd, 0x58,
  0xe0, 0x20, 0xe0, 0x5e, 0x90, 0xa7, 0x9c, 0xe0, 0x30, 0xe0, 0x0b, 0x7b, 0x01,
  0x7a, 0xa7, 0x79, 0xd3, 0x12, 0x6a, 0x99, 0x80, 0x4c, 0x90, 0xa7, 0x9c, 0xe0,
  0xff, 0xc4, 0x54, 0x0f, 0x30, 0xe0, 0x0b, 0x7b, 0x01, 0x7a, 0xa7, 0x79, 0x9f,
  0x12, 0x66, 0x1e, 0x80, 0x36, 0x90, 0xa7, 0x9c, 0xf1, 0xbf, 0x30, 0xe0, 0x0b,
  0x7b, 0x01, 0x7a, 0xa7, 0x79, 0xa1, 0x12, 0x47, 0xda, 0x80, 0x23, 0x90, 0xa7,
  0x9c, 0xb1, 0x96, 0x30, 0xe0, 0x0b, 0x7b, 0x01, 0x7a, 0xa7, 0x79, 0x9e, 0x12,
  0x5d, 0xb4, 0x80, 0x10, 0x90, 0xa7, 0x9d, 0xe0, 0x30, 0xe0, 0x09, 0x7b, 0x01,
  0x7a, 0xa7, 0x79, 0xa0, 0x12, 0x66, 0x73, 0x02, 0xaa, 0xf5, 0xe4, 0xff, 0x12,
  0x05, 0x71, 0x90, 0xa9, 0x5e, 0x22, 0xe4, 0x90, 0xca, 0xb9, 0xf0, 0x12, 0xaf,
  0xe0, 0x60, 0x02, 0x61, 0x62, 0x90, 0xa5, 0xf7, 0xe0, 0x70, 0x02, 0x61, 0x62,
  0x90, 0xa7, 0x74, 0xe0, 0x20, 0xe0, 0x33, 0x90, 0x06, 0xa9, 0xe0, 0x54, 0xc0,
  0x70, 0x2b, 0x90, 0xa7, 0x73, 0xe0, 0x70, 0x25, 0x90, 0x04, 0x18, 0xe0, 0xf4,
  0x70, 0x1e, 0xa3, 0xe0, 0xf4, 0x70, 0x19, 0xa3, 0xe0, 0x54, 0x0b, 0xff, 0xbf,
  0x0b, 0x11, 0x90, 0x06, 0x62, 0xe0, 0x54, 0x03, 0x70, 0x09, 0x90, 0xa5, 0xfa,
  0xe0, 0xb4, 0x04, 0x02, 0xf1, 0xce, 0x90, 0x05, 0x63, 0xe0, 0x90, 0xa7, 0x5b,
  0xf0, 0x90, 0x05, 0x62, 0xe0, 0x90, 0xa7, 0x5c, 0xf0, 0x90, 0x05, 0x61, 0xe0,
  0x90, 0xa7, 0x5d, 0xf0, 0x90, 0x05, 0x60, 0xe0, 0x90, 0xa7, 0x5e, 0xf0, 0x90,
  0x07, 0xff, 0xe0, 0x90, 0xa7, 0x55, 0xf0, 0x90, 0x07, 0xfe, 0xe0, 0x90, 0xa7,
  0x56, 0xf0, 0x12, 0xcd, 0xbd, 0xf0, 0x90, 0xa5, 0xfb, 0xe0, 0x54, 0xec, 0xf0,
  0xb1, 0x8a, 0x24, 0xfd, 0x50, 0x02, 0x80, 0x03, 0x12, 0xb4, 0x5c, 0xb1, 0x8a,
  0x64, 0x01, 0x70, 0x3a, 0x90, 0x06, 0xab, 0xe0, 0x90, 0xa5, 0xfe, 0xf0, 0x90,
  0x06, 0xa9, 0xe0, 0x30, 0xe5, 0x06, 0xa3, 0xe0, 0x90, 0xca, 0xb9, 0xf0, 0x90,
  0xca, 0xb9, 0xe0, 0xff, 0x60, 0x02, 0x80, 0x05, 0x90, 0xa5, 0xfd, 0xe0, 0xff,
  0x90, 0xa5, 0xfd, 0xef, 0xf0, 0xa3, 0xe0, 0xff, 0x70, 0x08, 0x90, 0xa5, 0xfd,
  0xe0, 0xfe, 0xff, 0x80, 0x00, 0x90, 0xa5, 0xfe, 0xef, 0xf0, 0x71, 0x63, 0xe4,
  0x90, 0xa6, 0x00, 0xf0, 0xa3, 0xf0, 0x90, 0xa5, 0xf3, 0x31, 0x17, 0x30, 0xe0,
  0x5e, 0xef, 0xc4, 0x13, 0x13, 0x54, 0x03, 0x20, 0xe0, 0x24, 0xb1, 0x79, 0x6f,
  0x70, 0x50, 0xef, 0x60, 0x4d, 0x90, 0xa5, 0xf3, 0xe0, 0x44, 0x40, 0xf0, 0x12,
  0xb7, 0xc3, 0xb1, 0xa8, 0x12, 0x7b, 0xf9, 0xf1, 0xc7, 0x12, 0xb7, 0x91, 0x90,
  0xa5, 0xfe, 0xe0, 0x14, 0xf0, 0x80, 0x31, 0x90, 0xa5, 0xf5, 0xe0, 0xc4, 0x54,
  0x0f, 0x64, 0x01, 0x70, 0x26, 0xb1, 0x79, 0xfe, 0x6f, 0x60, 0x20, 0x90, 0x05,
  0x73, 0xe0, 0xff, 0xee, 0x6f, 0x60, 0x17, 0xb1, 0x93, 0x30, 0xe0, 0x12, 0xef,
  0x54, 0xbf, 0xb1, 0xa8, 0x12, 0x7c, 0x2f, 0x7d, 0x01, 0x7f, 0x02, 0x12, 0x7c,
  0x77, 0x12, 0xb7, 0x9f, 0x90, 0xa5, 0xf3, 0xe0, 0x44, 0x04, 0xf0, 0x22, 0x90,
  0xa7, 0x5b, 0x12, 0x05, 0xab, 0xc0, 0x06, 0xc0, 0x07, 0x90, 0xa7, 0x56, 0xe0,
  0x24, 0x46, 0xff, 0x90, 0xa7, 0x55, 0xe0, 0x34, 0x00, 0xab, 0x07, 0xfa, 0xe4,
  0xf9, 0xf8, 0xd0, 0x07, 0xd0, 0x06, 0x12, 0x86, 0x13, 0x90, 0xa7, 0x5b, 0xb1,
  0x81, 0xef, 0x24, 0x46, 0xff, 0xe4, 0x3e, 0xfe, 0xe4, 0x3d, 0xfd, 0xe4, 0x3c,
  0xfc, 0x90, 0xa7, 0x5f, 0xb1, 0x81, 0x90, 0xa7, 0x5b, 0x12, 0xae, 0xdd, 0x50,
  0x02, 0x81, 0x58, 0x90, 0xa7, 0x5f, 0x12, 0x86, 0x49, 0x90, 0xa7, 0x5b, 0x12,
  0xaf, 0x7b, 0x90, 0xca, 0xbe, 0x12, 0x04, 0xe0, 0x90, 0xa5, 0xf2, 0xe0, 0x30,
  0xe0, 0x2f, 0x90, 0xa6, 0x14, 0xe0, 0x24, 0x04, 0xff, 0xe4, 0x33, 0xfe, 0xef,
  0x78, 0x03, 0xc3, 0x33, 0xce, 0x33, 0xce, 0xd8, 0xf9, 0x24, 0x50, 0xff, 0xe4,
  0x3e, 0xfe, 0x90, 0xa6, 0x0f, 0xe0, 0xfd, 0xc3, 0xef, 0x9d, 0xfb, 0xee, 0x94,
  0x00, 0xfa, 0xb1, 0x9d, 0xeb, 0x2f, 0xff, 0xea, 0x80, 0x1d, 0x90, 0xa5, 0xf4,
  0xb1, 0x96, 0x30, 0xe0, 0x02, 0xa1, 0x5e, 0xb1, 0x9d, 0x90, 0xa6, 0x0f, 0xe0,
  0xfd, 0xc3, 0x74, 0x60, 0x9d, 0xcd, 0xe4, 0x94, 0x00, 0xcd, 0x2f, 0xff, 0xed,
  0x3e, 0x90, 0xca, 0xba, 0xf0, 0xa3, 0xef, 0xf0, 0xc3, 0x90, 0xca, 0xbb, 0xe0,
  0x94, 0xa0, 0x90, 0xca, 0xba, 0xe0, 0x94, 0x00, 0x50, 0x34, 0xa3, 0xe0, 0xfb,
  0x24, 0x15, 0xb1, 0x71, 0xe0, 0x04, 0xf0, 0x90, 0xca, 0xbe, 0x12, 0x05, 0xab,
  0xef, 0x54, 0x7f, 0xff, 0x74, 0xb5, 0x2b, 0xb1, 0x66, 0xe0, 0xfe, 0xef, 0xc3,
  0x9e, 0x50, 0x09, 0x90, 0xca, 0xba, 0xa3, 0xe0, 0xb1, 0x64, 0xef, 0xf0, 0x90,
  0xa6, 0x0d, 0xe0, 0x04, 0xf0, 0xe0, 0x90, 0x00, 0xfe, 0xf0, 0x90, 0xa6, 0x0d,
  0xe0, 0xff, 0xd3, 0x90, 0xa7, 0x66, 0xe0, 0x9f, 0x90, 0xa7, 0x65, 0xe0, 0x94,
  0x00, 0x40, 0x02, 0xa1, 0x5e, 0xe4, 0xff, 0xfe, 0xb1, 0x6e, 0xe0, 0x2f, 0xff,
  0x90, 0xa7, 0x67, 0xe0, 0xfd, 0xef, 0xd3, 0x9d, 0x40, 0x07, 0x90, 0xca, 0xbc,
  0xee, 0xf0, 0x80, 0x05, 0x0e, 0xee, 0xb4, 0xa0, 0xe5, 0xb1, 0xb3, 0x9c, 0x40,
  0x02, 0x80, 0x16, 0x90, 0xca, 0xbc, 0xe0, 0x04, 0xfe, 0xee, 0xc3, 0x94, 0xa0,
  0x50, 0x14, 0xb1, 0x6e, 0xe0, 0x2f, 0xff, 0xb1, 0xb3, 0x9c, 0x40, 0x07, 0x90,
  0xca, 0xbd, 0xee, 0xf0, 0x80, 0x03, 0x0e, 0x80, 0xe6, 0x90, 0x05, 0x5e, 0xe0,
  0xff, 0xb1, 0x5f, 0xe0, 0xfd, 0xef, 0xc3, 0x9d, 0x40, 0x19, 0x74, 0xb5, 0x2e,
  0xb1, 0x66, 0xe0, 0xfd, 0xc3, 0xef, 0x9d, 0x90, 0x05, 0x5e, 0xf0, 0x90, 0xa6,
  0x12, 0xee, 0xf0, 0x90, 0xca, 0xbd, 0xe0, 0x80, 0x18, 0xb1, 0x5f, 0xe0, 0xfd,
  0xc3, 0x74, 0x80, 0x9d, 0x2f, 0x90, 0x05, 0x5e, 0xf0, 0xee, 0x04, 0x90, 0xa6,
  0x12, 0xf0, 0x90, 0xca, 0xbd, 0xe0, 0x04, 0x90, 0xa6, 0x13, 0xf0, 0x90, 0xa6,
  0x12, 0xe0, 0xff, 0xc3, 0x94, 0x50, 0x40, 0x0a, 0xef, 0x24, 0xb0, 0x90, 0xa6,
  0x0a, 0xf0, 0xe4, 0x80, 0x0e, 0xe4, 0x90, 0xa6, 0x0a, 0xf0, 0x90, 0xa6, 0x12,
  0xe0, 0xff, 0xc3, 0x74, 0x50, 0x9f, 0x90, 0xa6, 0x09, 0xf0, 0x90, 0xa6, 0x12,
  0xe0, 0xff, 0xa3, 0xe0, 0xc3, 0x9f, 0x90, 0xa6, 0x10, 0xf0, 0x90, 0xa5, 0xf2,
  0xe0, 0x90, 0xa7, 0x64, 0xe0, 0x24, 0x08, 0xff, 0x90, 0xa6, 0x10, 0xe0, 0x2f,
  0xf0, 0x90, 0xa6, 0x10, 0xe0, 0xc3, 0x94, 0x50, 0x50, 0x03, 0x74, 0x50, 0xf0,
  0x90, 0xa6, 0x10, 0xe0, 0x24, 0x10, 0xb1, 0xcb, 0x74, 0x03, 0xf0, 0x12, 0x6e,
  0x6e, 0x90, 0xa9, 0x20, 0x12, 0x8d, 0x9b, 0xe4, 0xff, 0x12, 0x05, 0x71, 0x22,
  0x90, 0xca, 0xbc, 0xe0, 0xfe, 0x24, 0xb5, 0xf5, 0x82, 0xe4, 0x34, 0xa6, 0xf5,
  0x83, 0x22, 0x74, 0x15, 0x2e, 0xf5, 0x82, 0xe4, 0x34, 0xa6, 0xf5, 0x83, 0x22,
  0x90, 0xa5, 0xfd, 0xe0, 0xff, 0xa3, 0xe0, 0x22, 0x12, 0x04, 0xe0, 0x90, 0xa7,
  0x5f, 0x02, 0x05, 0xab, 0x90, 0xa5, 0xf5, 0xe0, 0xff, 0xc4, 0x54, 0x0f, 0x22,
  0x90, 0xa5, 0xf3, 0xe0, 0xff, 0x13, 0x13, 0x54, 0x3f, 0x22, 0x90, 0xca, 0xbe,
  0x12, 0x05, 0xab, 0x78, 0x07, 0x02, 0x04, 0x86, 0xf0, 0x90, 0x01, 0x3f, 0x74,
  0x10, 0xf0, 0xfd, 0x7f, 0x03, 0x22, 0x90, 0xa7, 0x67, 0xe0, 0xfd, 0xc3, 0x90,
  0xa7, 0x66, 0xe0, 0x9d, 0xfd, 0x90, 0xa7, 0x65, 0xe0, 0x94, 0x00, 0xfc, 0xef,
  0xd3, 0x9d, 0xe4, 0x22, 0xf0, 0x90, 0xa6, 0x09, 0xe0, 0xff, 0xa3, 0xe0, 0xfd,
  0x90, 0xa6, 0x10, 0xe0, 0xfb, 0x90, 0xae, 0xe2, 0x22, 0xe4, 0xfe, 0xb1, 0x6e,
  0xe4, 0xf0, 0x74, 0xb5, 0x2e, 0xb1, 0x66, 0x74, 0xff, 0xf0, 0x0e, 0xee, 0xb4,
  0xa0, 0xef, 0xe4, 0x90, 0xa6, 0x0e, 0xf0, 0x90, 0xa6, 0x0d, 0xf0, 0x90, 0xa6,
  0x11, 0xf0, 0xef, 0xb4, 0x01, 0x07, 0xa3, 0x74, 0xa0, 0xf0, 0xe4, 0xa3, 0xf0,
  0x22, 0x12, 0xd4, 0xef, 0x90, 0xca, 0xde, 0xef, 0xf0, 0x20, 0xe0, 0x06, 0x90,
  0x01, 0x3d, 0x74, 0x01, 0xf0, 0x90, 0xca, 0xde, 0xe0, 0x90, 0xa9, 0x08, 0x30,
  0xe0, 0x13, 0x12, 0x8d, 0x9b, 0x7d, 0x01, 0xe4, 0xff, 0x12, 0x05, 0x71, 0x90,
  0xa5, 0xf4, 0xe0, 0x44, 0x04, 0xf0, 0x80, 0x09, 0x12, 0x8d, 0x9b, 0xe4, 0xfd,
  0xff, 0x12, 0x05, 0x71, 0x90, 0xca, 0xde, 0xe0, 0x30, 0xe6, 0x11, 0x90, 0x01,
  0x2f, 0xe0, 0x30, 0xe7, 0x04, 0xe4, 0xf0, 0x80, 0x06, 0x90, 0x01, 0x2f, 0x74,
  0x80, 0xf0, 0xb1, 0xcc, 0x74, 0x02, 0xf0, 0x02, 0x6e, 0x6e, 0xc0, 0xe0, 0xc0,
  0xf0, 0xc0, 0x83, 0xc0, 0x82, 0xc0, 0xd0, 0x75, 0xd0, 0x00, 0xc0, 0x00, 0xc0,
  0x01, 0xc0, 0x02, 0xc0, 0x03, 0xc0, 0x04, 0xc0, 0x05, 0xc0, 0x06, 0xc0, 0x07,
  0x90, 0x01, 0xc4, 0x74, 0x60, 0xf0, 0x74, 0xbe, 0xa3, 0xf0, 0x12, 0x75, 0x7a,
  0xe5, 0x3d, 0x30, 0xe0, 0x02, 0xf1, 0x63, 0xe5, 0x3d, 0x30, 0xe1, 0x03, 0x12,
  0xcd, 0xc8, 0xe5, 0x3d, 0x30, 0xe2, 0x03, 0x12, 0xb6, 0xbe, 0xe5, 0x3d, 0x30,
  0xe4, 0x02, 0xf1, 0x0b, 0xe5, 0x3e, 0x30, 0xe0, 0x02, 0xd1, 0x09, 0xe5, 0x3e,
  0x30, 0xe3, 0x02, 0x31, 0x1f, 0xe5, 0x40, 0x30, 0xe1, 0x0b, 0x90, 0xa9, 0x5e,
  0x12, 0x8d, 0x9b, 0x7f, 0x04, 0x12, 0x05, 0x71, 0xe5, 0x40, 0x30, 0xe4, 0x03,
  0x12, 0xb3, 0x45, 0xe5, 0x40, 0x30, 0xe5, 0x02, 0xf1, 0x6b, 0xe5, 0x40, 0x30,
  0xe6, 0x03, 0x12, 0xcf, 0x1f, 0xe5, 0x40, 0x30, 0xe7, 0x03, 0x12, 0xcd, 0xd4,
  0x74, 0x60, 0x04, 0x90, 0x01, 0xc4, 0xf0, 0x74, 0xbe, 0xa3, 0xf0, 0xd0, 0x07,
  0xd0, 0x06, 0xd0, 0x05, 0xd0, 0x04, 0xd0, 0x03, 0xd0, 0x02, 0xd0, 0x01, 0xd0,
  0x00, 0xd0, 0xd0, 0xd0, 0x82, 0xd0, 0x83, 0xd0, 0xf0, 0xd0, 0xe0, 0x32, 0x90,
  0xa7, 0x74, 0xe0, 0x30, 0xe0, 0x14, 0x90, 0xa7, 0x78, 0xe0, 0x13, 0x13, 0x54,
  0x3f, 0x30, 0xe0, 0x09, 0x90, 0xa9, 0x38, 0x12, 0x8d, 0x9b, 0x12, 0xcf, 0x8b,
  0xf1, 0xd6, 0x90, 0xcd, 0x70, 0xef, 0xf0, 0x90, 0xa4, 0x63, 0xe0, 0xb4, 0x02,
  0x12, 0x90, 0xcd, 0x70, 0xe0, 0xff, 0x64, 0x01, 0x60, 0x25, 0x90, 0x01, 0x4d,
  0xe0, 0x64, 0x80, 0xf0, 0x80, 0x19, 0x90, 0x01, 0x00, 0x74, 0xff, 0xf0, 0x7f,
  0x64, 0x7e, 0x00, 0x12, 0x7b, 0x5d, 0x90, 0x06, 0x90, 0xe0, 0x44, 0x01, 0xf0,
  0x90, 0xcd, 0x70, 0xe0, 0xff, 0x12, 0xaa, 0x55, 0x22, 0x22, 0xe0, 0xff, 0xc4,
  0x13, 0x54, 0x07, 0x22, 0x90, 0xa7, 0x69, 0xe0, 0xb4, 0x01, 0x15, 0xe4, 0xf0,
  0x90, 0x01, 0x5b, 0xf0, 0x90, 0xae, 0x5b, 0xf0, 0x90, 0xa7, 0x6c, 0xe0, 0xc3,
  0x13, 0x54, 0x7f, 0x12, 0xae, 0xf1, 0x90, 0xa5, 0xf2, 0xf1, 0xbf, 0x30, 0xe0,
  0x2f, 0xef, 0x54, 0xbf, 0xf1, 0xdf, 0x30, 0xe0, 0x06, 0xe0, 0x44, 0x01, 0xf0,
  0x80, 0x09, 0xe0, 0x54, 0xfe, 0x12, 0xcf, 0x80, 0x74, 0x04, 0xf0, 0x90, 0xa7,
  0x7a, 0xf1, 0x64, 0x30, 0xe0, 0x0d, 0x90, 0xa9, 0x36, 0x12, 0x8d, 0x9b, 0x7d,
  0x01, 0x7f, 0x0c, 0x02, 0x05, 0x71, 0x12, 0xb4, 0xcc, 0x22, 0xe0, 0xff, 0xc4,
  0x13, 0x13, 0x54, 0x03, 0x22, 0x7d, 0x01, 0x7f, 0x02, 0x02, 0x7c, 0xa9, 0x90,
  0x00, 0x02, 0xe0, 0x54, 0xfe, 0xf0, 0x22, 0x90, 0x01, 0xc7, 0x74, 0x66, 0xf0,
  0xe4, 0xff, 0x22, 0xf0, 0x90, 0x04, 0xe0, 0xe0, 0x90, 0xa5, 0xf3, 0x22, 0x90,
  0x05, 0x21, 0xe0, 0x54, 0x7f, 0xf0, 0x22, 0x02, 0x95, 0x26, 0x00, 0x00, 0x00,
  0x00, 0x00, 0x00, 0x00, 0x00, 0x00, 0x00, 0x00, 0x00, 0x00, 0x00, 0x00, 0x00,
  0x00, 0x12, 0x02, 0x06, 0x90, 0xc9, 0x96, 0xf0, 0x70, 0x03, 0x12, 0xbf, 0xe8,
  0x22, 0x12, 0x02, 0x06, 0xff, 0x90, 0xc9, 0x97, 0xf0, 0xbf, 0x01, 0x09, 0x7f,
  0x01, 0x11, 0x26, 0xe4, 0x90, 0xc9, 0x97, 0xf0, 0x22, 0x90, 0xc9, 0xad, 0xef,
  0xf0, 0x51, 0x70, 0x7f, 0xf4, 0x7e, 0x01, 0x12, 0x6c, 0x98, 0xbf, 0x01, 0x08,
  0x90, 0xc9, 0xf4, 0xe0, 0x90, 0xc9, 0xf6, 0xf0, 0x51, 0x70, 0x7f, 0xf5, 0x7e,
  0x01, 0x12, 0x6c, 0x98, 0xbf, 0x01, 0x08, 0x90, 0xc9, 0xf4, 0xe0, 0x90, 0xc9,
  0xf7, 0xf0, 0x51, 0x70, 0x7f, 0xf6, 0x7e, 0x01, 0x12, 0x6c, 0x98, 0xbf, 0x01,
  0x08, 0x90, 0xc9, 0xf4, 0xe0, 0x90, 0xc9, 0xf8, 0xf0, 0x51, 0x70, 0x7f, 0xf7,
  0x7e, 0x01, 0x12, 0x6c, 0x98, 0xbf, 0x01, 0x08, 0x90, 0xc9, 0xf4, 0xe0, 0x90,
  0xc9, 0xf9, 0xf0, 0x51, 0x70, 0x7f, 0xf8, 0x7e, 0x01, 0x12, 0x6c, 0x98, 0xbf,
  0x01, 0x08, 0x90, 0xc9, 0xf4, 0xe0, 0x90, 0xc9, 0xfa, 0xf0, 0x51, 0x70, 0x71,
  0x16, 0xbf, 0x01, 0x08, 0x90, 0xc9, 0xf4, 0xe0, 0x90, 0xc9, 0xfb, 0xf0, 0x51,
  0x70, 0x51, 0x77, 0x70, 0x52, 0x90, 0xc9, 0xf4, 0xe0, 0x90, 0xc9, 0xfc, 0xf0,
  0x54, 0x07, 0x60, 0x08, 0x90, 0xc9, 0xf4, 0xe0, 0x54, 0xe0, 0x70, 0x3e, 0x7b,
  0x01, 0x7a, 0xc9, 0x79, 0xf5, 0x7f, 0xfa, 0x51, 0x79, 0x70, 0x32, 0x90, 0xc9,
  0xf4, 0xe0, 0xfc, 0x54, 0x07, 0x70, 0x12, 0x90, 0xc9, 0xfc, 0xe0, 0xfe, 0x90,
  0xc9, 0xf5, 0xe0, 0x54, 0x07, 0xfd, 0xee, 0x4d, 0x90, 0xc9, 0xfc, 0xf0, 0xec,
  0x54, 0xe0, 0x70, 0x12, 0x90, 0xc9, 0xfc, 0xe0, 0xff, 0x90, 0xc9, 0xf5, 0xe0,
  0x54, 0xe0, 0xfe, 0xef, 0x4e, 0x90, 0xc9, 0xfc, 0xf0, 0x51, 0x70, 0x7f, 0xfd,
  0x51, 0x79, 0x70, 0x47, 0x90, 0xc9, 0xf4, 0xe0, 0xfe, 0x54, 0xcc, 0x90, 0xc9,
  0xfd, 0xf0, 0xee, 0x54, 0x0c, 0xff, 0x60, 0x08, 0x90, 0xc9, 0xf4, 0xe0, 0x54,
  0xc0, 0x70, 0x2e, 0xef, 0x70, 0x12, 0x90, 0xc9, 0xfd, 0xe0, 0xff, 0x90, 0xc9,
  0xf4, 0xe0, 0xf1, 0x36, 0xfe, 0xef, 0x4e, 0x90, 0xc9, 0xfd, 0xf0, 0x90, 0xc9,
  0xf4, 0xe0, 0xff, 0x54, 0xc0, 0x70, 0x10, 0x90, 0xc9, 0xfd, 0xe0, 0xfe, 0xef,
  0x54, 0x30, 0x25, 0xe0, 0x25, 0xe0, 0xff, 0xee, 0x4f, 0xf0, 0x51, 0x70, 0x7f,
  0xf0, 0x7e, 0x01, 0x12, 0x6c, 0x98, 0xbf, 0x01, 0x08, 0x90, 0xc9, 0xf4, 0xe0,
  0x90, 0xc9, 0xfe, 0xf0, 0x51, 0x70, 0x7f, 0xf1, 0x7e, 0x01, 0x12, 0x6c, 0x98,
  0xbf, 0x01, 0x08, 0x90, 0xc9, 0xf4, 0xe0, 0x90, 0xc9, 0xff, 0xf0, 0x51, 0x70,
  0x7f, 0xf2, 0x7e, 0x01, 0x12, 0x6c, 0x98, 0xbf, 0x01, 0x08, 0x90, 0xc9, 0xf4,
  0xe0, 0x90, 0xca, 0x00, 0xf0, 0x51, 0x70, 0x7f, 0xf3, 0x7e, 0x01, 0x12, 0x6c,
  0x98, 0xbf, 0x01, 0x08, 0x90, 0xc9, 0xf4, 0xe0, 0x90, 0xca, 0x01, 0xf0, 0x51,
  0x70, 0x7f, 0xfc, 0x7e, 0x01, 0x12, 0x6c, 0x98, 0xbf, 0x01, 0x08, 0x90, 0xc9,
  0xf4, 0xe0, 0x90, 0xca, 0x02, 0xf0, 0x90, 0xc9, 0xae, 0x74, 0x19, 0xf0, 0x90,
  0xc9, 0xd0, 0x74, 0x08, 0xf0, 0x90, 0xc9, 0xf6, 0xe0, 0x90, 0xc9, 0xb0, 0xf0,
  0x90, 0xc9, 0xf7, 0xe0, 0x90, 0xc9, 0xb1, 0xf0, 0x90, 0xc9, 0xf8, 0xe0, 0x90,
  0xc9, 0xb2, 0xf0, 0x90, 0xc9, 0xf9, 0xe0, 0x90, 0xc9, 0xb3, 0xf0, 0x90, 0xc9,
  0xfa, 0xe0, 0x90, 0xc9, 0xb4, 0xf0, 0x90, 0xc9, 0xfb, 0xe0, 0x90, 0xc9, 0xb5,
  0xf0, 0x90, 0xc9, 0xfc, 0xe0, 0x90, 0xc9, 0xb6, 0xf0, 0x90, 0xc9, 0xfd, 0xe0,
  0x90, 0xc9, 0xb7, 0xf0, 0x90, 0xc9, 0xd1, 0x74, 0x1a, 0xf0, 0x90, 0xc9, 0xf3,
  0x74, 0x05, 0xf0, 0x90, 0xc9, 0xfe, 0xe0, 0x90, 0xc9, 0xd3, 0xf0, 0x90, 0xc9,
  0xff, 0xe0, 0x90, 0xc9, 0xd4, 0xf0, 0x90, 0xca, 0x00, 0xe0, 0x90, 0xc9, 0xd5,
  0xf0, 0x90, 0xca, 0x01, 0xe0, 0x90, 0xc9, 0xd6, 0xf0, 0x90, 0xca, 0x02, 0xe0,
  0x90, 0xc9, 0xd7, 0xf0, 0x90, 0xc9, 0xad, 0xe0, 0xb4, 0x01, 0x16, 0x7b, 0x01,
  0x7a, 0xc9, 0x79, 0xae, 0xf1, 0x83, 0x7b, 0x01, 0x7a, 0xc9, 0x79, 0xd1, 0x12,
  0x8d, 0x89, 0x7f, 0x04, 0x02, 0x05, 0x71, 0x75, 0x1b, 0x01, 0x75, 0x1c, 0xc9,
  0x75, 0x1d, 0xae, 0x75, 0x1e, 0x0a, 0x7b, 0x01, 0x7a, 0x01, 0x79, 0xa0, 0x12,
  0x6b, 0x33, 0x75, 0x1b, 0x01, 0x75, 0x1c, 0xc9, 0x75, 0x1d, 0xd3, 0x75, 0x1e,
  0x05, 0x7b, 0x01, 0x7a, 0x01, 0x79, 0xaa, 0x02, 0x6b, 0x33, 0x7b, 0x01, 0x7a,
  0xc9, 0x79, 0xf4, 0x22, 0x7f, 0xfb, 0x7e, 0x01, 0x12, 0x6c, 0x98, 0xef, 0x64,
  0x01, 0x22, 0x7e, 0x00, 0x7f, 0x0b, 0x7d, 0x00, 0x7b, 0x01, 0x7a, 0xc9, 0x79,
  0x98, 0x12, 0x05, 0x73, 0x7b, 0x01, 0x7a, 0xc9, 0x79, 0xad, 0x71, 0x16, 0xbf,
  0x01, 0x1c, 0x90, 0xc9, 0xad, 0xe0, 0xfe, 0x54, 0x01, 0x90, 0xc9, 0x98, 0xf0,
  0xee, 0x54, 0x04, 0x90, 0xc9, 0x9a, 0xf0, 0x90, 0xc9, 0xad, 0xe0, 0x54, 0x08,
  0x90, 0xc9, 0x99, 0xf0, 0x7b, 0x01, 0x7a, 0xc9, 0x79, 0xad, 0x51, 0x77, 0x70,
  0x35, 0x90, 0xc9, 0xad, 0xe0, 0x54, 0x07, 0x70, 0x15, 0x7b, 0x01, 0x7a, 0xc9,
  0x79, 0xae, 0x7f, 0xfa, 0x7e, 0x01, 0x12, 0x6c, 0x98, 0xbf, 0x01, 0x0f, 0x90,
  0xc9, 0xae, 0x80, 0x03, 0x90, 0xc9, 0xad, 0xe0, 0x54, 0x07, 0x90, 0xc9, 0x9c,
  0xf0, 0x90, 0xc9, 0xad, 0xe0, 0x54, 0xe0, 0xc4, 0x13, 0x54, 0x07, 0x90, 0xc9,
  0x9b, 0xf0, 0x7b, 0x01, 0x7a, 0xc9, 0x79, 0xad, 0x7f, 0xfd, 0x7e, 0x01, 0x12,
  0x6c, 0x98, 0xbf, 0x01, 0x0e, 0x90, 0xc9, 0xad, 0xe0, 0x54, 0x0c, 0x13, 0x13,
  0x54, 0x3f, 0x90, 0xc9, 0x9d, 0xf0, 0x22, 0x7f, 0xf9, 0x7e, 0x01, 0x02, 0x6c,
  0x98, 0x90, 0x00, 0x80, 0xe0, 0x44, 0x80, 0xf0, 0x90, 0x10, 0x03, 0xe0, 0xc4,
  0x54, 0x0f, 0x90, 0xc9, 0xac, 0xf0, 0xe0, 0xff, 0x70, 0x04, 0xfe, 0xff, 0x80,
  0x08, 0xef, 0x7f, 0x02, 0xb4, 0x01, 0x02, 0x7f, 0x01, 0x90, 0xa4, 0x64, 0xef,
  0xf0, 0x90, 0x10, 0x01, 0xe0, 0x90, 0xa4, 0x64, 0x30, 0xe0, 0x04, 0xe0, 0xff,
  0x80, 0x03, 0xe0, 0x04, 0xff, 0x90, 0xa4, 0x65, 0xef, 0xf0, 0x12, 0xcb, 0xce,
  0xf1, 0xa6, 0x12, 0x7b, 0x3a, 0x71, 0xc1, 0x91, 0x1a, 0x7f, 0x01, 0x12, 0x84,
  0x45, 0x90, 0xc9, 0x95, 0x74, 0x02, 0xf0, 0xff, 0x12, 0x84, 0x45, 0x90, 0xc9,
  0x95, 0xe0, 0x04, 0xf0, 0x91, 0xba, 0x12, 0xb7, 0x08, 0x90, 0x00, 0x80, 0xe0,
  0x44, 0x40, 0xf0, 0x75, 0x20, 0xff, 0x12, 0x7c, 0xca, 0x53, 0xa8, 0xfe, 0x90,
  0x01, 0xa0, 0xe0, 0xb4, 0xfd, 0x04, 0xe4, 0xff, 0x11, 0x26, 0xb1, 0x30, 0x90,
  0x00, 0x81, 0xe0, 0x44, 0x04, 0xf0, 0xf1, 0x62, 0x51, 0x82, 0x90, 0x06, 0x0a,
  0xe0, 0x44, 0x10, 0xf0, 0x90, 0x07, 0xdb, 0xe0, 0x44, 0x80, 0xf0, 0x90, 0x06,
  0x0d, 0x74, 0xff, 0xf0, 0xe4, 0xff, 0x02, 0x84, 0xce, 0x90, 0xa4, 0x64, 0xe0,
  0x14, 0x60, 0x16, 0x14, 0x60, 0x22, 0x24, 0x02, 0x70, 0x2b, 0x91, 0x13, 0x74,
  0x2d, 0xf0, 0xa3, 0x74, 0x31, 0xf0, 0xa3, 0x74, 0x01, 0xf0, 0x80, 0x1c, 0x91,
  0x13, 0x74, 0x5a, 0xf0, 0xa3, 0x74, 0x62, 0xf0, 0xa3, 0x74, 0x02, 0xf0, 0x80,
  0x0d, 0x91, 0x13, 0x74, 0xb4, 0xf0, 0xa3, 0x74, 0xc4, 0xf0, 0xa3, 0x74, 0x04,
  0xf0, 0x90, 0x01, 0x91, 0xe0, 0x54, 0x0f, 0xf0, 0xa3, 0x74, 0xd0, 0xf0, 0xa3,
  0x74, 0x07, 0xf0, 0x90, 0x01, 0x95, 0xe0, 0x54, 0xf0, 0x44, 0x07, 0xf0, 0x22,
  0x90, 0x01, 0x8c, 0xe4, 0xf0, 0xa3, 0x22, 0xe4, 0x90, 0xa4, 0x5f, 0x91, 0x35,
  0x90, 0xc6, 0x85, 0xf0, 0x90, 0xc9, 0xa9, 0xf0, 0xa3, 0xf0, 0x22, 0xe4, 0x90,
  0xca, 0x3c, 0xf0, 0x90, 0xca, 0xa7, 0xf0, 0xa3, 0xf0, 0xa3, 0xf0, 0xa3, 0xf0,
  0xa3, 0xf0, 0x22, 0x8f, 0x73, 0x8d, 0x74, 0x90, 0xca, 0x60, 0xe5, 0x73, 0xf0,
  0xa3, 0xe5, 0x74, 0xf0, 0xeb, 0x64, 0x01, 0x70, 0x18, 0xe5, 0x73, 0xd3, 0x95,
  0x74, 0x50, 0x43, 0xd1, 0x1e, 0xa3, 0xe4, 0xf0, 0xa3, 0xe5, 0x74, 0xf0, 0xe4,
  0x91, 0x34, 0x7b, 0x03, 0xfa, 0x80, 0x2d, 0x91, 0x9d, 0xff, 0x90, 0xca, 0x60,
  0xe0, 0x90, 0x81, 0x89, 0x93, 0xfe, 0xc3, 0x9f, 0x50, 0x22, 0xe5, 0x73, 0xfd,
  0x12, 0x97, 0xf2, 0xed, 0xf0, 0xe5, 0x74, 0xfd, 0xa3, 0xe4, 0xf0, 0xa3, 0xed,
  0xf0, 0xee, 0xff, 0xf1, 0x29, 0x91, 0x9d, 0xf1, 0x6d, 0x7b, 0x03, 0x7a, 0x00,
  0x91, 0xa6, 0x7f, 0x01, 0x22, 0x7f, 0x00, 0x22, 0x90, 0xca, 0x61, 0xe0, 0x90,
  0x81, 0x89, 0x93, 0x22, 0x7d, 0x09, 0x7f, 0xff, 0xc1, 0x79, 0x90, 0xca, 0x5d,
  0xe0, 0xfd, 0x90, 0xca, 0x5f, 0xe0, 0xfb, 0x91, 0x3d, 0xef, 0x22, 0x12, 0x7a,
  0xf0, 0x90, 0xa4, 0x63, 0xef, 0xf0, 0x91, 0xd4, 0x90, 0x01, 0x64, 0x74, 0x01,
  0xf0, 0x90, 0x04, 0x23, 0xe0, 0x44, 0x80, 0xf0, 0x02, 0x68, 0xbb, 0xf1, 0x5a,
  0x12, 0x7a, 0x04, 0x12, 0x79, 0xce, 0x90, 0xd0, 0xe0, 0xe0, 0x44, 0x03, 0xf0,
  0x90, 0xd0, 0xe4, 0x74, 0x03, 0xf0, 0x90, 0xae, 0x6b, 0x12, 0x04, 0xec, 0x00,
  0x00, 0x00, 0x00, 0x7f, 0x2c, 0x7e, 0x00, 0x12, 0x5e, 0xe5, 0x7f, 0x30, 0x7e,
  0x00, 0x12, 0x58, 0x30, 0x90, 0xae, 0x6b, 0x12, 0x04, 0xe0, 0x7f, 0x30, 0x7e,
  0x00, 0x12, 0x5e, 0xe5, 0x12, 0xca, 0x36, 0xf1, 0xc1, 0xe4, 0xf5, 0x21, 0xf5,
  0x22, 0xf5, 0x23, 0x75, 0x24, 0x80, 0x90, 0x00, 0x50, 0xe5, 0x21, 0xf0, 0xa3,
  0xe5, 0x22, 0xf0, 0xa3, 0xe5, 0x23, 0xf0, 0xa3, 0xe5, 0x24, 0xf0, 0x22, 0xe4,
  0x90, 0xc9, 0xad, 0xf0, 0xa3, 0xf0, 0xf1, 0x77, 0xef, 0x64, 0x01, 0x60, 0x3c,
  0xc3, 0x90, 0xc9, 0xae, 0xe0, 0x94, 0x88, 0x90, 0xc9, 0xad, 0xe0, 0x94, 0x13,
  0x40, 0x0f, 0x90, 0x01, 0xc1, 0xe0, 0x44, 0x10, 0xf0, 0x90, 0x01, 0xc7, 0x74,
  0xfd, 0xf0, 0x80, 0x1e, 0x90, 0xc9, 0xad, 0x12, 0xb7, 0x49, 0xf1, 0x3d, 0xd3,
  0x90, 0xc9, 0xae, 0xe0, 0x94, 0x32, 0x90, 0xc9, 0xad, 0xe0, 0x94, 0x00, 0x40,
  0xc4, 0x90, 0x01, 0xc6, 0xe0, 0x30, 0xe3, 0xbd, 0x90, 0x01, 0xc7, 0x74, 0xfe,
  0xf0, 0x22, 0x8f, 0x61, 0x75, 0xf0, 0x12, 0xef, 0x12, 0xa7, 0xe9, 0xe0, 0x90,
  0xc9, 0xaf, 0xf0, 0x75, 0xf0, 0x12, 0xef, 0x12, 0x95, 0x1e, 0x13, 0x13, 0x54,
  0x03, 0x90, 0xc9, 0xb0, 0xf0, 0xed, 0xd3, 0x94, 0x2d, 0x40, 0x0e, 0x75, 0xf0,
  0x12, 0xe5, 0x61, 0x12, 0x97, 0xc6, 0x90, 0xc9, 0xaf, 0xf0, 0x80, 0x0c, 0xed,
  0xd3, 0x94, 0x0f, 0x40, 0x06, 0x90, 0xc9, 0xaf, 0x74, 0x0f, 0xf0, 0x75, 0xf0,
  0x12, 0xe5, 0x61, 0x12, 0x97, 0xc6, 0xfd, 0x90, 0xc9, 0xaf, 0xe0, 0x54, 0x7f,
  0x14, 0xff, 0xab, 0x61, 0xd1, 0x27, 0x75, 0xf0, 0x12, 0xe5, 0x61, 0xd1, 0x6b,
  0xe0, 0xff, 0x90, 0xc9, 0xaf, 0xf0, 0xd1, 0x1e, 0xa3, 0xe4, 0xf0, 0xa3, 0xe5,
  0x61, 0xf0, 0xe4, 0x91, 0x34, 0x7b, 0x05, 0xfa, 0xb1, 0xfe, 0x90, 0xc9, 0xaf,
  0xe0, 0xfd, 0xa3, 0xf1, 0x4a, 0xaf, 0x61, 0x02, 0x90, 0x3f, 0x7d, 0x05, 0x7f,
  0xff, 0x80, 0x75, 0x75, 0xf0, 0x12, 0xe5, 0x70, 0x90, 0xb8, 0x12, 0x12, 0x86,
  0x55, 0xe0, 0xff, 0x90, 0xcc, 0x7e, 0xe4, 0xf0, 0xa3, 0xef, 0xf0, 0x90, 0xca,
  0x55, 0xe0, 0xff, 0x90, 0xcc, 0x7c, 0xe4, 0xf0, 0xa3, 0xef, 0xf0, 0x22, 0xd3,
  0x10, 0xaf, 0x01, 0xc3, 0xc0, 0xd0, 0x90, 0xcd, 0x62, 0xed, 0xf0, 0xa3, 0xeb,
  0xf0, 0xef, 0x04, 0xa3, 0xf0, 0xf9, 0x90, 0xcd, 0x62, 0xe0, 0xff, 0xe9, 0xd3,
  0x9f, 0x50, 0x11, 0xaf, 0x01, 0xa3, 0xf1, 0x52, 0x60, 0x07, 0x90, 0xcd, 0x64,
  0xe9, 0xf0, 0x80, 0x03, 0x09, 0x80, 0xe5, 0x90, 0xcd, 0x64, 0xe0, 0xff, 0x90,
  0xcd, 0x63, 0xd1, 0x67, 0xef, 0xf0, 0xd0, 0xd0, 0x92, 0xaf, 0x22, 0xe0, 0x75,
  0xf0, 0x12, 0x90, 0xb8, 0x11, 0x02, 0x86, 0x55, 0x7b, 0x01, 0x7a, 0x00, 0x7d,
  0x01, 0x7f, 0x01, 0xd3, 0x10, 0xaf, 0x01, 0xc3, 0xc0, 0xd0, 0x90, 0xc6, 0x87,
  0xe0, 0x60, 0x6d, 0x90, 0xc6, 0xc2, 0xe0, 0xfe, 0xf4, 0x60, 0x05, 0xa3, 0xe0,
  0x6e, 0x70, 0x60, 0x90, 0xcc, 0x86, 0xef, 0xf0, 0xa3, 0xed, 0xf0, 0xeb, 0xa3,
  0xf0, 0xea, 0xa3, 0xf0, 0x90, 0xcc, 0x7c, 0xe0, 0xfc, 0xa3, 0xe0, 0x90, 0xcc,
  0x8a, 0xf0, 0xec, 0xa3, 0xf0, 0x90, 0xcc, 0x7e, 0xe0, 0xfc, 0xa3, 0xe0, 0x90,
  0xcc, 0x8c, 0xf0, 0xec, 0xa3, 0xf0, 0x90, 0xcc, 0x80, 0xe0, 0xfc, 0xa3, 0xe0,
  0x90, 0xcc, 0x8e, 0xf0, 0xec, 0xa3, 0xf0, 0x90, 0xcc, 0x82, 0xe0, 0xfc, 0xa3,
  0xe0, 0x90, 0xcc, 0x90, 0xf0, 0xec, 0xa3, 0xf0, 0x90, 0xcc, 0x84, 0x74, 0xfe,
  0xf0, 0x90, 0xcc, 0xa6, 0x74, 0x0c, 0xf0, 0x7b, 0x01, 0x7a, 0xcc, 0x79, 0x84,
  0x12, 0x8d, 0x89, 0x7f, 0x04, 0x12, 0x05, 0x71, 0xd0, 0xd0, 0x92, 0xaf, 0x22,
  0x12, 0x87, 0x91, 0x90, 0xc9, 0xad, 0x12, 0x87, 0xdb, 0xff, 0x12, 0x02, 0x06,
  0x90, 0xc6, 0x87, 0xf0, 0xfd, 0x12, 0x97, 0xf2, 0xed, 0xf0, 0x90, 0xc9, 0xad,
  0x12, 0x97, 0xdf, 0xf1, 0x27, 0xe4, 0xa3, 0xf0, 0xa3, 0xf0, 0xfb, 0xfa, 0x7d,
  0x01, 0x7f, 0x20, 0xc1, 0x79, 0xe4, 0xf0, 0xa3, 0xed, 0xf0, 0xa3, 0xe4, 0xf0,
  0xa3, 0xef, 0xf0, 0x22, 0x7d, 0x05, 0x7f, 0x01, 0xc1, 0x79, 0x54, 0x03, 0x25,
  0xe0, 0x25, 0xe0, 0x22, 0x7f, 0x14, 0x7e, 0x00, 0x02, 0x7b, 0x5d, 0x7d, 0x03,
  0x7f, 0x01, 0xc1, 0x79, 0xe0, 0x90, 0xcd, 0x34, 0xf0, 0xe4, 0xfb, 0x22, 0xe0,
  0xfd, 0x12, 0xa7, 0x1c, 0xef, 0xf4, 0x22, 0x90, 0x00, 0x08, 0xe0, 0x54, 0xef,
  0xf0, 0x22, 0x90, 0x01, 0xe4, 0x74, 0x05, 0xf0, 0xa3, 0xe4, 0xf0, 0x22, 0xe0,
  0xff, 0x90, 0xcc, 0x82, 0xe4, 0xf0, 0xa3, 0xef, 0xf0, 0x22, 0x90, 0x01, 0x95,
  0xe0, 0x7f, 0x00, 0x30, 0xe4, 0x02, 0x7f, 0x01, 0x22, 0x90, 0xa8, 0xf2, 0xe0,
  0xfe, 0xa3, 0xe0, 0xff, 0xf5, 0x82, 0x8e, 0x83, 0x02, 0x05, 0x71, 0x7a, 0x00,
  0x7d, 0x04, 0x7f, 0x01, 0xd1, 0x79, 0x74, 0xa5, 0x25, 0x67, 0xf5, 0x82, 0xe4,
  0x34, 0xc6, 0xf5, 0x83, 0x22, 0x90, 0x01, 0x01, 0xe0, 0x44, 0x04, 0xf0, 0x90,
  0x00, 0x90, 0xe0, 0x44, 0x02, 0xf0, 0x90, 0x10, 0x33, 0xe0, 0x44, 0x80, 0xf0,
  0x90, 0x01, 0xc7, 0xe4, 0xf0, 0x22, 0x75, 0x39, 0x07, 0x43, 0x39, 0x10, 0x75,
  0x3a, 0x01, 0x43, 0x3a, 0x08, 0x75, 0x3b, 0x03, 0x75, 0x3c, 0x62, 0x43, 0x3c,
  0x80, 0x90, 0x01, 0x38, 0xe5, 0x39, 0xf0, 0xa3, 0xe5, 0x3a, 0xf0, 0xa3, 0xe5,
  0x3b, 0xf0, 0xa3, 0xe5, 0x3c, 0xf0, 0x22, 0x12, 0x02, 0x06, 0x90, 0xc6, 0xe7,
  0x12, 0x87, 0x90, 0x90, 0xc6, 0xe8, 0x12, 0x87, 0xdb, 0x90, 0xc6, 0xe9, 0xf0,
  0x22, 0xe4, 0xfd, 0x02, 0x8f, 0xef, 0x90, 0xca, 0xb9, 0xef, 0xf0, 0x90, 0x04,
  0x7e, 0xe0, 0xff, 0xa3, 0xe0, 0x90, 0xca, 0xdd, 0xf0, 0xe0, 0xfe, 0x6f, 0x60,
  0x6f, 0x90, 0xca, 0xba, 0x74, 0x03, 0xf0, 0x90, 0xca, 0xdc, 0x74, 0x08, 0xf0,
  0xee, 0x04, 0x54, 0x0f, 0xff, 0xe4, 0xfe, 0xef, 0x75, 0xf0, 0x08, 0xa4, 0x24,
  0x00, 0xf5, 0x82, 0xe4, 0x34, 0x88, 0xf5, 0x83, 0xe5, 0x82, 0x2e, 0x12, 0xa3,
  0xb6, 0xe0, 0xfd, 0x74, 0xbc, 0x2e, 0xf5, 0x82, 0xe4, 0x34, 0xca, 0xf5, 0x83,
  0xed, 0xf0, 0x0e, 0xee, 0xb4, 0x08, 0xd9, 0x7b, 0x01, 0x7a, 0xca, 0x79, 0xba,
  0x12, 0xc7, 0x83, 0x90, 0xca, 0xdd, 0xe0, 0x04, 0x54, 0x0f, 0xff, 0xf0, 0xbf,
  0x0f, 0x02, 0xe4, 0xf0, 0x90, 0xca, 0xdd, 0xe0, 0x90, 0x04, 0x7f, 0xf0, 0x90,
  0xca, 0xb9, 0xe0, 0x70, 0x05, 0x90, 0xa9, 0x5e, 0x80, 0x03, 0x90, 0xa8, 0xf4,
  0x12, 0x8d, 0x9b, 0x7f, 0x04, 0x12, 0x05, 0x71, 0x22, 0xe4, 0xff, 0x01, 0x02,
  0x12, 0x02, 0x06, 0x64, 0x01, 0x60, 0x02, 0x21, 0x1e, 0x90, 0xc9, 0xf4, 0xf0,
  0x90, 0xc9, 0xf4, 0xe0, 0xff, 0xc3, 0x94, 0x10, 0x50, 0x27, 0xef, 0x31, 0x1f,
  0x7a, 0xc9, 0x79, 0xf3, 0x12, 0x6c, 0x98, 0xbf, 0x01, 0x12, 0x90, 0xc9, 0xf3,
  0xe0, 0xff, 0xa3, 0xe0, 0x24, 0xf5, 0xf5, 0x82, 0xe4, 0x34, 0xc9, 0xf5, 0x83,
  0xef, 0xf0, 0x90, 0xc9, 0xf4, 0xe0, 0x04, 0xf0, 0x80, 0xcf, 0x75, 0x1b, 0x01,
  0x75, 0x1c, 0xc9, 0x75, 0x1d, 0xf5, 0x75, 0x1e, 0x08, 0x12, 0xa7, 0xef, 0x12,
  0x6b, 0x33, 0x90, 0xc9, 0xad, 0x74, 0x24, 0xf0, 0x90, 0xc9, 0xcf, 0x74, 0x08,
  0xf0, 0x75, 0x1b, 0x01, 0x75, 0x1c, 0xc9, 0x75, 0x1d, 0xfd, 0xf5, 0x1e, 0x7b,
  0x01, 0x7a, 0xc9, 0x79, 0xd2, 0x12, 0x6b, 0x33, 0x90, 0xc9, 0xd0, 0x74, 0x25,
  0xf0, 0x90, 0xc9, 0xf2, 0x74, 0x08, 0xf0, 0x7b, 0x01, 0x7a, 0xc9, 0x79, 0xad,
  0x12, 0xc7, 0x83, 0x7b, 0x01, 0x7a, 0xc9, 0x79, 0xd0, 0x12, 0x8d, 0x89, 0x7f,
  0x04, 0x12, 0x05, 0x71, 0x22, 0x24, 0xa8, 0xff, 0xe4, 0x34, 0x01, 0xfe, 0x7b,
  0x01, 0x22, 0x12, 0xb7, 0xd3, 0x64, 0x01, 0x60, 0x02, 0x21, 0xb7, 0xef, 0x24,
  0x39, 0x60, 0x12, 0x14, 0x60, 0x19, 0x24, 0x02, 0x70, 0x1f, 0xe4, 0x90, 0xc9,
  0xb3, 0xf0, 0xa3, 0x74, 0x06, 0xf0, 0x80, 0x14, 0x90, 0xc9, 0xb3, 0x74, 0x06,
  0xf0, 0xa3, 0xf0, 0x80, 0x0a, 0x90, 0xc9, 0xb3, 0x74, 0x0c, 0xf0, 0xa3, 0x74,
  0x04, 0xf0, 0x31, 0xcb, 0x31, 0xb8, 0x40, 0x1b, 0x90, 0xc9, 0xb1, 0xe0, 0x31,
  0x1f, 0x7a, 0xc9, 0x79, 0xb0, 0x12, 0x6c, 0x98, 0xbf, 0x01, 0x07, 0x90, 0xc9,
  0xb0, 0xe0, 0xf4, 0x70, 0x3d, 0x31, 0xc0, 0x80, 0xe1, 0x31, 0xcb, 0x31, 0xb8,
  0x40, 0x33, 0x90, 0xc9, 0xb1, 0xe0, 0xfd, 0x7c, 0x00, 0x24, 0xa8, 0xff, 0xec,
  0x34, 0x01, 0xfe, 0xed, 0x24, 0x01, 0xfd, 0xec, 0x33, 0xfc, 0x90, 0xc9, 0xb3,
  0xe0, 0xfb, 0xc3, 0xed, 0x9b, 0xfd, 0xec, 0x94, 0x00, 0xfc, 0x12, 0x88, 0xcc,
  0x8d, 0x82, 0x8c, 0x83, 0x12, 0x02, 0x1f, 0xfd, 0x31, 0xdc, 0x31, 0xc0, 0x80,
  0xc9, 0x22, 0x90, 0xc9, 0xb2, 0xe0, 0xd3, 0x94, 0x00, 0x22, 0x90, 0xc9, 0xb1,
  0xe0, 0x04, 0xf0, 0xa3, 0xe0, 0x14, 0xf0, 0x22, 0x90, 0xc9, 0xb3, 0xe0, 0x90,
  0xc9, 0xb1, 0xf0, 0x90, 0xc9, 0xb4, 0xe0, 0x90, 0xc9, 0xb2, 0xf0, 0x22, 0xe4,
  0x90, 0xc9, 0xb5, 0xf0, 0x90, 0x00, 0x37, 0xe0, 0x44, 0x80, 0xf0, 0x90, 0x00,
  0xcf, 0x74, 0x69, 0xf0, 0xef, 0x90, 0x00, 0x31, 0xf0, 0xee, 0x54, 0x03, 0xff,
  0xa3, 0xe0, 0x54, 0xfc, 0x4f, 0xf0, 0x90, 0x00, 0x30, 0xed, 0xf0, 0x90, 0x00,
  0x33, 0xe0, 0x44, 0x80, 0xf0, 0x90, 0x00, 0x33, 0xe0, 0x30, 0xe7, 0x09, 0x51,
  0x2e, 0x50, 0x05, 0xe0, 0x04, 0xf0, 0x80, 0xf0, 0x90, 0x00, 0xcf, 0xe4, 0xf0,
  0x90, 0x00, 0x37, 0xe0, 0x54, 0x7f, 0xf0, 0x51, 0x2e, 0x7f, 0x00, 0x50, 0x02,
  0x7f, 0x01, 0x22, 0x90, 0xc9, 0xb5, 0xe0, 0xc3, 0x94, 0x64, 0x22, 0x75, 0x29,
  0x12, 0xe4, 0xf5, 0x2a, 0x75, 0x2b, 0x87, 0x75, 0x2c, 0x73, 0xf5, 0x31, 0xf5,
  0x32, 0xf5, 0x33, 0xf5, 0x34, 0x90, 0x01, 0x30, 0xe5, 0x29, 0xf0, 0xa3, 0xe5,
  0x2a, 0xf0, 0xa3, 0xe5, 0x2b, 0xf0, 0xa3, 0xe5, 0x2c, 0xf0, 0x90, 0x01, 0x20,
  0xe5, 0x31, 0xf0, 0xa3, 0xe5, 0x32, 0xf0, 0xa3, 0xe5, 0x33, 0xf0, 0xa3, 0xe5,
  0x34, 0xf0, 0x22, 0x7d, 0x02, 0x90, 0x01, 0xc4, 0x74, 0x6f, 0xf0, 0x74, 0xca,
  0xa3, 0xf0, 0x90, 0xc9, 0x95, 0xe0, 0xff, 0xed, 0xc3, 0x9f, 0x50, 0x18, 0xed,
  0x25, 0xe0, 0x24, 0x81, 0xf8, 0xe6, 0x30, 0xe4, 0x0b, 0x90, 0x01, 0xb8, 0x74,
  0x08, 0xf0, 0xa3, 0xf0, 0x7f, 0x00, 0x22, 0x0d, 0x80, 0xde, 0x74, 0x6f, 0x04,
  0x90, 0x01, 0xc4, 0xf0, 0x74, 0xca, 0xa3, 0xf0, 0x7f, 0x01, 0x22, 0xe4, 0x90,
  0xca, 0x05, 0xf0, 0xa3, 0xf0, 0xa3, 0xf0, 0x90, 0xca, 0x05, 0xe0, 0x64, 0x01,
  0xf0, 0x90, 0xc9, 0xa1, 0xe0, 0x70, 0x18, 0x90, 0xc9, 0x9e, 0xe0, 0x70, 0x12,
  0xa3, 0xe0, 0x70, 0x0e, 0x90, 0xca, 0x05, 0xe0, 0x24, 0xab, 0x90, 0x01, 0xc4,
  0xf0, 0x74, 0xca, 0xa3, 0xf0, 0x12, 0x7c, 0x55, 0xbf, 0x01, 0x03, 0x12, 0x54,
  0x69, 0x90, 0xa5, 0xf7, 0xe0, 0x60, 0x0f, 0x90, 0xa5, 0xfa, 0xe0, 0xff, 0x90,
  0xa5, 0xf9, 0xe0, 0x6f, 0x60, 0x03, 0x12, 0xb4, 0xcc, 0xc2, 0xaf, 0x51, 0x6f,
  0xbf, 0x01, 0x02, 0x71, 0xc3, 0xd2, 0xaf, 0x71, 0x0c, 0x12, 0xbf, 0xf0, 0x12,
  0x83, 0x7d, 0x80, 0xa8, 0xd3, 0x10, 0xaf, 0x01, 0xc3, 0xc0, 0xd0, 0x90, 0xc9,
  0x9e, 0xe0, 0x60, 0x25, 0x7f, 0x54, 0x7e, 0x09, 0x12, 0x59, 0x89, 0x71, 0xb9,
  0x12, 0x05, 0xab, 0xef, 0x44, 0xfe, 0xff, 0xee, 0x44, 0x03, 0xfe, 0xed, 0x44,
  0x04, 0xfd, 0xec, 0x71, 0xb9, 0x12, 0xa6, 0xa0, 0x7f, 0x54, 0x7e, 0x09, 0x12,
  0x6f, 0xb1, 0x90, 0xc9, 0x99, 0xe0, 0x70, 0x29, 0x90, 0x07, 0xcc, 0xe0, 0x30,
  0xe0, 0x22, 0xe4, 0xf0, 0x90, 0xca, 0x0c, 0x74, 0x22, 0xf0, 0x90, 0xca, 0x2e,
  0x74, 0x01, 0xf0, 0x90, 0xca, 0x0e, 0x74, 0x03, 0xf0, 0x7b, 0x01, 0x7a, 0xca,
  0x79, 0x0c, 0x12, 0x8d, 0x89, 0x7f, 0x04, 0x12, 0x05, 0x71, 0x90, 0xc9, 0xa1,
  0xe0, 0xff, 0x70, 0x0a, 0x90, 0xc9, 0x9e, 0xe0, 0x70, 0x04, 0xa3, 0xe0, 0x60,
  0x15, 0x90, 0x00, 0x1f, 0xe0, 0x54, 0xf0, 0xf0, 0x90, 0x01, 0xc5, 0x74, 0xea,
  0xf0, 0xa3, 0x74, 0xef, 0xf0, 0xa3, 0x74, 0xfd, 0xf0, 0xef, 0x60, 0x06, 0x90,
  0x01, 0xc4, 0x74, 0x07, 0xf0, 0x90, 0xc9, 0x9e, 0xe0, 0x60, 0x06, 0x90, 0x01,
  0xc4, 0x74, 0x01, 0xf0, 0x90, 0xc9, 0x9f, 0xe0, 0x60, 0x06, 0x90, 0x01, 0xc4,
  0x74, 0x02, 0xf0, 0xd0, 0xd0, 0x92, 0xaf, 0x22, 0x90, 0xca, 0x08, 0x12, 0x04,
  0xe0, 0x90, 0xca, 0x08, 0x22, 0x90, 0xa5, 0xf2, 0xe0, 0x30, 0xe0, 0x03, 0x12,
  0x9a, 0x70, 0x22, 0x90, 0xa8, 0xf4, 0x74, 0x87, 0xf0, 0xa3, 0x74, 0x30, 0xf0,
  0x90, 0xa9, 0x5e, 0x74, 0xcc, 0xf0, 0xa3, 0x74, 0x83, 0xf0, 0x90, 0xa9, 0x76,
  0x74, 0x8c, 0xf0, 0xa3, 0x74, 0x1a, 0xf0, 0x90, 0xa9, 0x36, 0x74, 0x88, 0xf0,
  0xa3, 0x74, 0xe7, 0xf0, 0x90, 0xa9, 0x3e, 0x74, 0x8e, 0xf0, 0xa3, 0x74, 0x0a,
  0xf0, 0x90, 0xa9, 0x40, 0x74, 0xd5, 0xf0, 0xa3, 0x74, 0xa1, 0xf0, 0x90, 0xa9,
  0x00, 0x74, 0xd6, 0xf0, 0xa3, 0x74, 0xf4, 0xf0, 0x90, 0xa3, 0xb4, 0x74, 0xd7,
  0xf0, 0xa3, 0x74, 0xef, 0xf0, 0x90, 0xa9, 0x28, 0x74, 0xd6, 0xf0, 0xa3, 0x74,
  0xcf, 0xf0, 0x90, 0xa9, 0x2c, 0x74, 0xb6, 0xf0, 0xa3, 0x74, 0x13, 0xf0, 0x90,
  0xa3, 0xbc, 0x74, 0xd0, 0xf0, 0xa3, 0x74, 0xca, 0xf0, 0x90, 0xa9, 0x66, 0x74,
  0xd1, 0xf0, 0xa3, 0x74, 0x16, 0xf0, 0x90, 0xa3, 0xb0, 0x74, 0xf2, 0xf0, 0xa3,
  0x74, 0x49, 0xf0, 0x90, 0xa3, 0xb2, 0x74, 0xf2, 0xf0, 0xa3, 0x74, 0xc1, 0xf0,
  0x90, 0xa9, 0x70, 0x74, 0xd1, 0xf0, 0xa3, 0x74, 0x84, 0xf0, 0x90, 0xa9, 0x06,
  0x74, 0xb0, 0xf0, 0xa3, 0x74, 0x8c, 0xf0, 0x90, 0xa9, 0x2e, 0x74, 0xce, 0xf0,
  0xa3, 0x74, 0x0f, 0xf0, 0x90, 0xa3, 0xb6, 0x74, 0xcf, 0xf0, 0xa3, 0x74, 0x98,
  0xf0, 0x22, 0x8f, 0x0d, 0x7f, 0x02, 0x12, 0x85, 0x57, 0x90, 0xa4, 0x5f, 0xe0,
  0x45, 0x0d, 0xf0, 0x22, 0xc0, 0xe0, 0xc0, 0xf0, 0xc0, 0x83, 0xc0, 0x82, 0xc0,
  0xd0, 0x75, 0xd0, 0x00, 0xc0, 0x00, 0xc0, 0x01, 0xc0, 0x02, 0xc0, 0x03, 0xc0,
  0x04, 0xc0, 0x05, 0xc0, 0x06, 0xc0, 0x07, 0x90, 0x01, 0xc4, 0x74, 0x92, 0xf0,
  0x74, 0xcc, 0xa3, 0xf0, 0x12, 0x75, 0x4a, 0x74, 0x92, 0x04, 0x90, 0x01, 0xc4,
  0xf0, 0x74, 0xcc, 0xa3, 0xf0, 0xd0, 0x07, 0xd0, 0x06, 0xd0, 0x05, 0xd0, 0x04,
  0xd0, 0x03, 0xd0, 0x02, 0xd0, 0x01, 0xd0, 0x00, 0xd0, 0xd0, 0xd0, 0x82, 0xd0,
  0x83, 0xd0, 0xf0, 0xd0, 0xe0, 0x32, 0xc0, 0xe0, 0xc0, 0xf0, 0xc0, 0x83, 0xc0,
  0x82, 0xc0, 0xd0, 0x75, 0xd0, 0x00, 0xc0, 0x00, 0xc0, 0x01, 0xc0, 0x02, 0xc0,
  0x03, 0xc0, 0x04, 0xc0, 0x05, 0xc0, 0x06, 0xc0, 0x07, 0x90, 0x01, 0xc4, 0x74,
  0xe2, 0xf0, 0x74, 0xcc, 0xa3, 0xf0, 0x90, 0xa9, 0x18, 0x12, 0x88, 0xdd, 0x53,
  0x91, 0xbf, 0x74, 0xe2, 0x04, 0x90, 0x01, 0xc4, 0xf0, 0x74, 0xcc, 0xa3, 0xf0,
  0xd0, 0x07, 0xd0, 0x06, 0xd0, 0x05, 0xd0, 0x04, 0xd0, 0x03, 0xd0, 0x02, 0xd0,
  0x01, 0xd0, 0x00, 0xd0, 0xd0, 0xd0, 0x82, 0xd0, 0x83, 0xd0, 0xf0, 0xd0, 0xe0,
  0x32, 0xc0, 0xe0, 0xc0, 0x83, 0xc0, 0x82, 0xc0, 0xd0, 0x75, 0xd0, 0x00, 0xc0,
  0x05, 0xc0, 0x07, 0x7d, 0x38, 0x90, 0x01, 0xc4, 0xed, 0xf0, 0x74, 0xcd, 0xff,
  0xa3, 0xf0, 0xb1, 0x62, 0xd0, 0x07, 0xd0, 0x05, 0xd0, 0xd0, 0xd0, 0x82, 0xd0,
  0x83, 0xd0, 0xe0, 0x32, 0xed, 0x04, 0x90, 0x01, 0xc4, 0xf0, 0xa3, 0xef, 0xf0,
  0x22, 0xc0, 0xe0, 0xc0, 0x83, 0xc0, 0x82, 0xc0, 0xd0, 0x75, 0xd0, 0x00, 0xc0,
  0x05, 0xc0, 0x07, 0x7d, 0x6c, 0x90, 0x01, 0xc4, 0xed, 0xf0, 0x74, 0xcd, 0xff,
  0xa3, 0xf0, 0x53, 0x91, 0x7f, 0xb1, 0x62, 0xd0, 0x07, 0xd0, 0x05, 0xd0, 0xd0,
  0xd0, 0x82, 0xd0, 0x83, 0xd0, 0xe0, 0x32, 0x90, 0xa5, 0xfa, 0xe0, 0x64, 0x02,
  0x60, 0x03, 0x12, 0xba, 0x18, 0x22, 0x12, 0xaf, 0xdf, 0x70, 0x12, 0x90, 0xa5,
  0xf7, 0xe0, 0x60, 0x0c, 0x90, 0xa5, 0xfb, 0xe0, 0x20, 0xe4, 0x05, 0xb1, 0xbd,
  0x12, 0xae, 0xff, 0x22, 0x90, 0x01, 0x57, 0xe4, 0xf0, 0x90, 0x01, 0x3c, 0x74,
  0x02, 0x22, 0x90, 0xa5, 0xf7, 0xe0, 0x60, 0x03, 0x12, 0xb4, 0xd3, 0x02, 0x8d,
  0xa4, 0x90, 0xa7, 0x8f, 0xe0, 0x30, 0xe0, 0x05, 0x90, 0xa9, 0x62, 0x80, 0x25,
  0x90, 0xa7, 0x7a, 0xd1, 0x08, 0x30, 0xe0, 0x1a, 0x90, 0xa7, 0x99, 0xe0, 0xc4,
  0x54, 0x0f, 0x20, 0xe0, 0x08, 0x90, 0xa9, 0x38, 0x12, 0x8d, 0x9b, 0xf1, 0x8b,
  0x90, 0xa7, 0x7a, 0xe0, 0x54, 0xbf, 0xf0, 0x22, 0x90, 0xa9, 0x14, 0x02, 0x88,
  0xdd, 0xe0, 0xc4, 0x13, 0x13, 0x54, 0x03, 0x22, 0xd3, 0x10, 0xaf, 0x01, 0xc3,
  0xc0, 0xd0, 0x90, 0xcd, 0x3d, 0xef, 0xf0, 0xa3, 0xed, 0xf0, 0x90, 0xa4, 0x61,
  0xe0, 0x04, 0xf0, 0x90, 0xa7, 0x74, 0xe0, 0x30, 0xe0, 0x07, 0x90, 0x05, 0x10,
  0xe4, 0xf0, 0xa3, 0xf0, 0x90, 0x04, 0x1d, 0xe0, 0x60, 0x4b, 0x90, 0x05, 0x22,
  0xe0, 0x90, 0xcd, 0x41, 0xf0, 0x90, 0xa9, 0x06, 0x12, 0x8d, 0x9b, 0x7b, 0x26,
  0xf1, 0x79, 0x90, 0xa9, 0x70, 0x12, 0x88, 0xdd, 0xef, 0x64, 0x01, 0x70, 0x02,
  0x80, 0x08, 0x90, 0xa7, 0x78, 0xd1, 0x08, 0x30, 0xe0, 0x0e, 0xd1, 0xe4, 0xf1,
  0x13, 0xd1, 0xd2, 0x90, 0xa9, 0x16, 0xd1, 0xc8, 0x12, 0x05, 0x71, 0x90, 0xcd,
  0x41, 0xe0, 0xfd, 0x90, 0xa9, 0x06, 0x12, 0x8d, 0x9b, 0x7b, 0x27, 0xe4, 0xff,
  0x12, 0x05, 0x71, 0xd1, 0xdb, 0x80, 0x10, 0xd1, 0xdb, 0xd1, 0xc8, 0x12, 0x05,
  0x71, 0xd1, 0xe4, 0xf1, 0x13, 0xd1, 0xd2, 0x90, 0xa9, 0x16, 0xd1, 0xc8, 0x12,
  0x05, 0x71, 0x90, 0xa7, 0x74, 0xe0, 0x30, 0xe0, 0x1c, 0x90, 0xa7, 0x78, 0xd1,
  0x08, 0x30, 0xe0, 0x14, 0x90, 0x05, 0x22, 0xe0, 0x54, 0x6f, 0xfd, 0x90, 0xa9,
  0x06, 0x12, 0x8d, 0x9b, 0x7b, 0x28, 0x7f, 0x90, 0x12, 0x05, 0x71, 0x90, 0x04,
  0x1f, 0x74, 0x20, 0xf0, 0x7f, 0x01, 0xd0, 0xd0, 0x92, 0xaf, 0x22, 0xe0, 0xfc,
  0xa3, 0xe0, 0xfd, 0xf5, 0x82, 0x8c, 0x83, 0x22, 0x90, 0xcd, 0x3f, 0xe0, 0xfe,
  0xa3, 0xe0, 0xff, 0x22, 0x90, 0xcd, 0x3d, 0xe0, 0xff, 0x90, 0xa9, 0x42, 0x22,
  0x90, 0xa4, 0x69, 0xe0, 0xff, 0x90, 0xcd, 0x3e, 0xe0, 0xfb, 0x90, 0xae, 0x4e,
  0x74, 0x0a, 0xf0, 0x7d, 0x01, 0x12, 0x67, 0xc4, 0x90, 0xcd, 0x3f, 0xee, 0xf0,
  0xfc, 0xa3, 0xef, 0xf0, 0xfd, 0x90, 0xcd, 0x3d, 0xe0, 0xff, 0x90, 0xa9, 0x10,
  0x22, 0xfc, 0xed, 0x2c, 0xfd, 0x90, 0xa9, 0x60, 0xe0, 0xfa, 0xa3, 0xe0, 0xfb,
  0xf5, 0x82, 0x8a, 0x83, 0x02, 0x05, 0x71, 0x90, 0xa5, 0xf2, 0xe0, 0xff, 0x12,
  0x8f, 0xd8, 0x30, 0xe0, 0x25, 0xef, 0x54, 0x7f, 0x12, 0xbf, 0xdf, 0x30, 0xe1,
  0x0c, 0xe0, 0x44, 0x02, 0xf0, 0x90, 0xa7, 0xb4, 0xe0, 0x04, 0xf0, 0x80, 0x07,
  0xe0, 0x54, 0xfd, 0xf1, 0x80, 0x04, 0xf0, 0x90, 0xa5, 0xf7, 0xe0, 0x60, 0x03,
  0x12, 0xb4, 0xcc, 0x90, 0xa7, 0x78, 0xd1, 0x08, 0x30, 0xe0, 0x21, 0x90, 0xa7,
  0x7b, 0xe0, 0xff, 0xc3, 0x13, 0x30, 0xe0, 0x17, 0xef, 0x54, 0xfd, 0xf0, 0x90,
  0x04, 0xe0, 0xe0, 0x90, 0xa7, 0x7b, 0x30, 0xe1, 0x05, 0xe0, 0x44, 0x04, 0xf0,
  0x22, 0xe0, 0x54, 0xfb, 0xf0, 0x22, 0x7d, 0xff, 0xe4, 0xff, 0x02, 0x05, 0x71,
  0xf0, 0x90, 0x01, 0xb9, 0x74, 0x01, 0xf0, 0x90, 0x01, 0xb8, 0x22, 0xe4, 0xff,
  0x12, 0x05, 0x71, 0x90, 0xa7, 0x99, 0xe0, 0x54, 0xef, 0xf0, 0x22, 0xd3, 0x10,
  0xaf, 0x01, 0xc3, 0xc0, 0xd0, 0x90, 0xcd, 0x47, 0xed, 0xf0, 0xa3, 0xeb, 0xf0,
  0x90, 0xcd, 0x46, 0xef, 0xf0, 0xe4, 0xfd, 0xfc, 0x12, 0xd5, 0xd1, 0x90, 0xcd,
  0x49, 0xf0, 0x12, 0x7c, 0xc2, 0x7c, 0x00, 0xad, 0x07, 0x90, 0xcd, 0x46, 0xe0,
  0x90, 0x04, 0x25, 0xf0, 0x90, 0xcd, 0x47, 0xe0, 0x60, 0x06, 0x12, 0xf6, 0xcf,
  0x44, 0x80, 0xf0, 0xaf, 0x05, 0x74, 0x20, 0x2f, 0xf5, 0x82, 0xe4, 0x34, 0xfc,
  0xf5, 0x83, 0xe0, 0x54, 0xc0, 0xf0, 0x12, 0xf6, 0xcf, 0x54, 0xc0, 0xf0, 0x90,
  0xcd, 0x49, 0xe0, 0xff, 0xae, 0x05, 0x74, 0x18, 0x2e, 0xf5, 0x82, 0xe4, 0x34,
  0xfc, 0xf5, 0x83, 0xef, 0xf0, 0x90, 0x00, 0x8b, 0xe0, 0xd3, 0x94, 0x03, 0x74,
  0x10, 0x2e, 0xf5, 0x82, 0xe4, 0x34, 0xfc, 0xf5, 0x83, 0x74, 0x04, 0xf0, 0xaf,
  0x05, 0x11, 0x5a, 0xe0, 0x54, 0x01, 0xfe, 0x90, 0xcd, 0x48, 0xe0, 0x25, 0xe0,
  0x25, 0xe0, 0xfb, 0xee, 0x44, 0x02, 0x4b, 0xfe, 0x11, 0x5a, 0xee, 0xf0, 0x74,
  0x11, 0x2f, 0xf5, 0x82, 0xe4, 0x34, 0xfc, 0xf5, 0x83, 0x74, 0xff, 0xf0, 0x74,
  0x29, 0x2f, 0xf5, 0x82, 0xe4, 0x34, 0xfc, 0xf5, 0x83, 0xe0, 0x54, 0xf7, 0xf0,
  0x74, 0x0d, 0x2d, 0xf5, 0x82, 0xe4, 0x34, 0xfc, 0xf5, 0x83, 0xe0, 0x44, 0x80,
  0xf0, 0xae, 0x04, 0xaf, 0x05, 0xd0, 0xd0, 0x92, 0xaf, 0x22, 0x74, 0x12, 0x2f,
  0xf5, 0x82, 0xe4, 0x34, 0xfc, 0xf5, 0x83, 0x22, 0xd3, 0x10, 0xaf, 0x01, 0xc3,
  0xc0, 0xd0, 0x90, 0xcd, 0x1f, 0xef, 0xf0, 0xab, 0x05, 0x90, 0xcd, 0x25, 0x12,
  0x04, 0xec, 0x00, 0x00, 0x00, 0x00, 0xaf, 0x03, 0xe4, 0xfc, 0xfd, 0xfe, 0x78,
  0x14, 0x12, 0x9b, 0xff, 0x90, 0xcd, 0x21, 0x12, 0x05, 0xab, 0xed, 0x54, 0x0f,
  0xfd, 0xe4, 0xfc, 0x12, 0x86, 0x2e, 0xec, 0x54, 0x0f, 0xfc, 0x90, 0xcd, 0x25,
  0x12, 0x04, 0xe0, 0x90, 0xcd, 0x1f, 0xe0, 0x75, 0xf0, 0x08, 0xa4, 0x24, 0x6b,
  0xf5, 0x82, 0xe4, 0x34, 0xad, 0x12, 0xa2, 0x6d, 0xff, 0xc0, 0x06, 0xc0, 0x07,
  0x90, 0xcd, 0x25, 0x12, 0xa6, 0xa0, 0xd0, 0x07, 0xd0, 0x06, 0x12, 0x6f, 0xb1,
  0xd0, 0xd0, 0x92, 0xaf, 0x22, 0xd3, 0x10, 0xaf, 0x01, 0xc3, 0xc0, 0xd0, 0x31,
  0x09, 0x90, 0xcd, 0x4a, 0x12, 0x04, 0xe0, 0x90, 0xcd, 0x4a, 0x12, 0xa6, 0xa0,
  0x31, 0x02, 0x90, 0x01, 0x01, 0xe0, 0x44, 0x02, 0xf0, 0x90, 0x01, 0x00, 0x74,
  0xff, 0xf0, 0x90, 0x06, 0xb7, 0x74, 0x09, 0xf0, 0x90, 0x06, 0xb4, 0x74, 0x86,
  0xf0, 0x12, 0xb6, 0x86, 0xd0, 0xd0, 0x92, 0xaf, 0x22, 0x7f, 0x30, 0x7e, 0x08,
  0x02, 0x6f, 0xb1, 0x7f, 0x30, 0x7e, 0x08, 0x12, 0x59, 0x89, 0xed, 0x44, 0x80,
  0xfd, 0xec, 0x22, 0xd3, 0x10, 0xaf, 0x01, 0xc3, 0xc0, 0xd0, 0x31, 0x09, 0x90,
  0xcd, 0x4e, 0x12, 0x04, 0xe0, 0x90, 0xcd, 0x4e, 0x12, 0xa6, 0xa0, 0x31, 0x02,
  0x90, 0xa9, 0x70, 0x12, 0x88, 0xdd, 0x90, 0x06, 0xb7, 0x74, 0x11, 0xf0, 0x7f,
  0x03, 0x7e, 0x00, 0x12, 0x7b, 0x5d, 0x90, 0x06, 0xb4, 0xe0, 0x54, 0x0f, 0x70,
  0xf1, 0x90, 0x07, 0xd5, 0xe0, 0x44, 0x80, 0xf0, 0x7f, 0x0a, 0x80, 0x09, 0x90,
  0x06, 0x62, 0xe0, 0x30, 0xe0, 0x09, 0x7f, 0x01, 0x7e, 0x00, 0x12, 0x7b, 0x5d,
  0x80, 0xf0, 0x12, 0xbf, 0xce, 0x90, 0x01, 0x00, 0x74, 0x3f, 0xf0, 0xa3, 0xe0,
  0x54, 0xfd, 0xf0, 0x90, 0x05, 0x53, 0xe0, 0x44, 0x20, 0xf0, 0x90, 0x07, 0xd5,
  0xe0, 0x54, 0x7f, 0xf0, 0xd0, 0xd0, 0x92, 0xaf, 0x22, 0xe4, 0x90, 0xcd, 0x56,
  0xf0, 0xa3, 0xf0, 0x90, 0x05, 0x22, 0xe0, 0x90, 0xcd, 0x58, 0xf0, 0x90, 0xa9,
  0x06, 0x12, 0x8d, 0x9b, 0x7b, 0x47, 0x12, 0xcf, 0x79, 0x90, 0x05, 0xf8, 0xe0,
  0x70, 0x1b, 0xa3, 0xe0, 0x70, 0x17, 0xa3, 0xe0, 0x70, 0x13, 0xa3, 0xe0, 0x70,
  0x0f, 0x51, 0x18, 0x12, 0x8d, 0x9b, 0x7b, 0x48, 0xe4, 0xff, 0x12, 0x05, 0x71,
  0x7f, 0x01, 0x22, 0x90, 0xa7, 0x78, 0x12, 0xce, 0x08, 0x30, 0xe0, 0x1c, 0xd3,
  0x90, 0xcd, 0x57, 0xe0, 0x94, 0x03, 0x90, 0xcd, 0x56, 0xe0, 0x94, 0x00, 0x40,
  0x09, 0x51, 0x11, 0x12, 0x8d, 0x9b, 0x7b, 0x5a, 0x80, 0x1a, 0x7f, 0x01, 0x80,
  0x20, 0xd3, 0x90, 0xcd, 0x57, 0xe0, 0x94, 0xe8, 0x90, 0xcd, 0x56, 0xe0, 0x94,
  0x03, 0x40, 0x0f, 0x51, 0x11, 0x12, 0x8d, 0x9b, 0x7b, 0x5b, 0xe4, 0xff, 0x12,
  0x05, 0x71, 0x7f, 0x00, 0x22, 0x7f, 0x32, 0x7e, 0x00, 0x12, 0x7b, 0x5d, 0x90,
  0xcd, 0x56, 0x12, 0xb7, 0x49, 0x80, 0x8d, 0x90, 0x01, 0xc0, 0xe0, 0x44, 0x20,
  0xf0, 0x90, 0xcd, 0x58, 0xe0, 0xfd, 0x90, 0xa9, 0x06, 0x22, 0x90, 0xc9, 0xa3,
  0xe0, 0x54, 0x7f, 0xf0, 0x54, 0xbf, 0xf0, 0x54, 0xdf, 0xf0, 0x54, 0xf0, 0xf0,
  0xe4, 0x90, 0xc9, 0xa5, 0xf0, 0x90, 0xc9, 0xa3, 0xe0, 0x54, 0xef, 0xf0, 0x22,
  0xd3, 0x10, 0xaf, 0x01, 0xc3, 0xc0, 0xd0, 0xe4, 0x90, 0xca, 0xe0, 0xf0, 0x90,
  0xca, 0xde, 0x74, 0x14, 0xf0, 0x90, 0xcb, 0x00, 0x74, 0x01, 0xf0, 0xfb, 0x7a,
  0xca, 0x79, 0xde, 0x12, 0x8d, 0x89, 0x7f, 0x04, 0x12, 0x05, 0x71, 0xd0, 0xd0,
  0x92, 0xaf, 0x22, 0x90, 0x01, 0x9a, 0xe0, 0x54, 0xc0, 0x44, 0x0b, 0xf0, 0x12,
  0xb7, 0xa6, 0x90, 0x01, 0x98, 0xe0, 0x54, 0xc0, 0x7f, 0x00, 0xb4, 0x40, 0x02,
  0x7f, 0x01, 0x22, 0x90, 0xc6, 0xc4, 0xe0, 0x30, 0xe0, 0x0b, 0x90, 0xa9, 0x5e,
  0x12, 0x8d, 0x9b, 0x7f, 0x20, 0x12, 0x05, 0x71, 0x22, 0x90, 0xa8, 0xf0, 0x12,
  0x88, 0xdd, 0x90, 0xa9, 0x5e, 0x12, 0x8d, 0x9b, 0x7f, 0x02, 0x02, 0x05, 0x71,
  0x90, 0x01, 0xcf, 0xe0, 0x90, 0xca, 0xb9, 0xf0, 0xe0, 0xff, 0x30, 0xe0, 0x07,
  0x90, 0x01, 0xcf, 0xe0, 0x54, 0xfe, 0xf0, 0xef, 0x30, 0xe5, 0x1e, 0x90, 0x01,
  0xcf, 0xe0, 0x54, 0xdf, 0xf0, 0x90, 0x01, 0x34, 0x74, 0x20, 0xf0, 0xe4, 0xf5,
  0xa8, 0xf5, 0xe8, 0x12, 0x7a, 0x04, 0x90, 0x00, 0x03, 0xe0, 0x54, 0xfb, 0xf0,
  0x80, 0xfe, 0x22, 0xe4, 0xf5, 0x75, 0xf5, 0x76, 0xf5, 0x77, 0x51, 0xf4, 0xbf,
  0x03, 0x0a, 0x90, 0xc9, 0x96, 0xe0, 0xb4, 0x01, 0x03, 0x12, 0xbf, 0xe8, 0x22,
  0x90, 0x01, 0x02, 0xe0, 0x54, 0x03, 0xff, 0x22, 0x51, 0xf4, 0xbf, 0x03, 0x0a,
  0x90, 0xc9, 0x96, 0xe0, 0xb4, 0x01, 0x03, 0x12, 0xbf, 0xe8, 0x22, 0xe4, 0xff,
  0xd3, 0x10, 0xaf, 0x01, 0xc3, 0xc0, 0xd0, 0x90, 0xcb, 0xf5, 0xef, 0xf0, 0x90,
  0xa5, 0xec, 0xe0, 0x90, 0xcc, 0x77, 0xf0, 0xe4, 0x90, 0xcb, 0xf6, 0xf0, 0x90,
  0xcc, 0x77, 0xe0, 0xfe, 0x90, 0xcb, 0xf6, 0xe0, 0xff, 0xc3, 0x9e, 0x50, 0x31,
  0xe0, 0xfe, 0x24, 0xf7, 0x91, 0x1e, 0xe4, 0xf0, 0x75, 0xf0, 0x18, 0xee, 0x12,
  0xa7, 0x5f, 0xe0, 0x30, 0xe7, 0x09, 0x74, 0x81, 0x2f, 0x91, 0x26, 0xe4, 0xf0,
  0x80, 0x0d, 0x91, 0x43, 0x90, 0xcb, 0xf6, 0xe0, 0x24, 0xf7, 0x91, 0x1e, 0x74,
  0x01, 0xf0, 0x90, 0xcb, 0xf6, 0xe0, 0x04, 0xf0, 0x80, 0xc1, 0x7f, 0x0c, 0x7e,
  0x00, 0x12, 0x7b, 0x5d, 0xe4, 0x90, 0xcb, 0xf6, 0xf0, 0x90, 0xcc, 0x77, 0xe0,
  0xff, 0x90, 0xcb, 0xf6, 0xe0, 0xfe, 0xc3, 0x9f, 0x40, 0x02, 0x81, 0x19, 0x74,
  0xf7, 0x2e, 0x91, 0x1e, 0xe0, 0x70, 0x02, 0x81, 0x11, 0x75, 0xf0, 0x18, 0xee,
  0x90, 0x89, 0x10, 0x91, 0x2e, 0xee, 0x90, 0x89, 0x11, 0x91, 0x37, 0xfc, 0x12,
  0xa7, 0xc4, 0x91, 0x4b, 0x75, 0xf0, 0x18, 0xec, 0x90, 0x89, 0x0a, 0x91, 0x2e,
  0xec, 0x90, 0x89, 0x0b, 0x91, 0x37, 0x75, 0xf0, 0x0a, 0x90, 0xb0, 0x01, 0x12,
  0x86, 0x55, 0xee, 0xf0, 0xa3, 0xef, 0xf0, 0x7f, 0x01, 0x90, 0xcb, 0xf6, 0xe0,
  0xfe, 0x75, 0xf0, 0x18, 0x90, 0x89, 0x0b, 0x12, 0x86, 0x55, 0xe5, 0x82, 0x2f,
  0x12, 0xa3, 0xb6, 0xe0, 0xfd, 0x75, 0xf0, 0x0a, 0xee, 0x91, 0x53, 0xa3, 0xed,
  0xf0, 0x0f, 0xef, 0xb4, 0x05, 0xdc, 0x90, 0xcb, 0xf6, 0xe0, 0xff, 0x75, 0xf0,
  0x18, 0x90, 0x89, 0x09, 0x12, 0x86, 0x55, 0xe0, 0xfe, 0x12, 0xa7, 0xb7, 0xee,
  0xf0, 0x90, 0xcb, 0xf6, 0xe0, 0xff, 0x90, 0xcb, 0xf5, 0xe0, 0xfd, 0x12, 0xa7,
  0x65, 0x90, 0xcb, 0xf6, 0xe0, 0x24, 0x81, 0x91, 0x26, 0x74, 0x01, 0xf0, 0x90,
  0xcb, 0xf6, 0xe0, 0x04, 0xf0, 0x61, 0x72, 0xd0, 0xd0, 0x92, 0xaf, 0x22, 0xf5,
  0x82, 0xe4, 0x34, 0xcb, 0xf5, 0x83, 0x22, 0xf5, 0x82, 0xe4, 0x34, 0xb6, 0xf5,
  0x83, 0x22, 0x12, 0x86, 0x55, 0xe0, 0xfd, 0x75, 0xf0, 0x18, 0x22, 0x12, 0x86,
  0x55, 0xe0, 0xfe, 0xed, 0xff, 0x90, 0xcb, 0xf6, 0xe0, 0x22, 0x12, 0xa7, 0x5b,
  0xe0, 0x44, 0x40, 0xf0, 0x22, 0xf5, 0x83, 0xee, 0xf0, 0xa3, 0xef, 0xf0, 0x22,
  0x90, 0xb0, 0x01, 0x12, 0x86, 0x55, 0x75, 0xf0, 0x02, 0xef, 0x12, 0x86, 0x55,
  0xe4, 0xf0, 0x22, 0x90, 0x07, 0x1f, 0xe0, 0x54, 0x7f, 0xf0, 0x90, 0x07, 0x1c,
  0xe0, 0x54, 0x01, 0x90, 0xca, 0xbb, 0xf0, 0x90, 0xca, 0xb9, 0x74, 0x02, 0xf0,
  0x90, 0xca, 0xdb, 0x14, 0xf0, 0xfb, 0x7a, 0xca, 0x79, 0xb9, 0x12, 0x8d, 0x89,
  0x7f, 0x04, 0x02, 0x05, 0x71, 0x22, 0xd3, 0x10, 0xaf, 0x01, 0xc3, 0xc0, 0xd0,
  0x90, 0xcc, 0xf1, 0xee, 0xf0, 0xa3, 0xef, 0xf0, 0x12, 0x59, 0x89, 0x90, 0xcc,
  0xfb, 0x12, 0x04, 0xe0, 0x90, 0xcc, 0xf3, 0x12, 0x05, 0xab, 0x12, 0x04, 0x52,
  0x90, 0xcc, 0xfb, 0x12, 0x9f, 0xe7, 0xc0, 0x04, 0xc0, 0x05, 0xc0, 0x06, 0xc0,
  0x07, 0x90, 0xcc, 0xf3, 0x12, 0x05, 0xab, 0x90, 0xcc, 0xf7, 0x12, 0x9f, 0xe7,
  0xd0, 0x03, 0xd0, 0x02, 0xd0, 0x01, 0xd0, 0x00, 0x12, 0x86, 0x2e, 0x90, 0xcc,
  0xff, 0x12, 0x04, 0xe0, 0x90, 0xcc, 0xff, 0x12, 0xa6, 0xa0, 0x90, 0xcc, 0xf1,
  0xe0, 0xfe, 0xa3, 0xe0, 0xff, 0x12, 0x6f, 0xb1, 0xd0, 0xd0, 0x92, 0xaf, 0x22,
  0xe4, 0x90, 0xca, 0xe0, 0xf0, 0xa3, 0xf0, 0x90, 0x00, 0x83, 0xe0, 0x90, 0xca,
  0xdf, 0xf0, 0x90, 0x00, 0x83, 0xe0, 0xfe, 0x90, 0xca, 0xdf, 0xe0, 0xff, 0xb5,
  0x06, 0x01, 0x22, 0xc3, 0x90, 0xca, 0xe1, 0xe0, 0x94, 0x64, 0x90, 0xca, 0xe0,
  0xe0, 0x94, 0x00, 0x40, 0x0d, 0x90, 0x01, 0xc0, 0xe0, 0x44, 0x40, 0xf0, 0x90,
  0xca, 0xdf, 0xe0, 0xff, 0x22, 0x90, 0xca, 0xe0, 0x12, 0xb7, 0x49, 0x80, 0xc6,
  0x90, 0x01, 0xc4, 0x74, 0x30, 0xf0, 0x74, 0xd5, 0xa3, 0xf0, 0x90, 0x00, 0x90,
  0xe0, 0x20, 0xe0, 0xf9, 0x74, 0x30, 0x04, 0x90, 0x01, 0xc4, 0xf0, 0x74, 0xd5,
  0xa3, 0xf0, 0x22, 0xd3, 0x10, 0xaf, 0x01, 0xc3, 0xc0, 0xd0, 0x90, 0xcd, 0x67,
  0xef, 0xf0, 0x90, 0x00, 0x8f, 0xe0, 0x30, 0xe6, 0x3c, 0x90, 0x00, 0x8d, 0xe0,
  0x64, 0x01, 0x70, 0x34, 0x90, 0xcd, 0x68, 0xf0, 0x90, 0xcd, 0x68, 0xe0, 0xfd,
  0x90, 0xcd, 0x67, 0x12, 0x97, 0xe8, 0xe5, 0x82, 0x2d, 0x12, 0xa3, 0xb6, 0xe0,
  0xfb, 0xe4, 0xff, 0x12, 0x96, 0x14, 0x90, 0xcd, 0x68, 0xe0, 0x04, 0xf0, 0xe0,
  0xc3, 0x94, 0x10, 0x40, 0xdc, 0x90, 0x00, 0x8f, 0xe0, 0x30, 0xe0, 0x05, 0x90,
  0x00, 0x8d, 0xe4, 0xf0, 0xd0, 0xd0, 0x92, 0xaf, 0x22, 0xd3, 0x10, 0xaf, 0x01,
  0xc3, 0xc0, 0xd0, 0xb1, 0xd1, 0x90, 0xcd, 0x6e, 0xf0, 0xed, 0x90, 0x00, 0x73,
  0x70, 0x0d, 0xe0, 0x44, 0x04, 0xf0, 0x90, 0x00, 0x67, 0xe0, 0x44, 0x80, 0xf0,
  0x80, 0x0b, 0xe0, 0x54, 0xfb, 0xf0, 0x90, 0x00, 0x67, 0xe0, 0x54, 0x7f, 0xf0,
  0xd0, 0xd0, 0x92, 0xaf, 0x22, 0x90, 0xa4, 0x5d, 0xa3, 0xe0, 0x24, 0x2f, 0xf5,
  0x82, 0xe4, 0x34, 0xa2, 0xf5, 0x83, 0xe0, 0x22, 0xd3, 0x10, 0xaf, 0x01, 0xc3,
  0xc0, 0xd0, 0xb1, 0xd1, 0x90, 0xcd, 0x73, 0xf0, 0x90, 0xa5, 0xf3, 0x12, 0x8f,
  0xd7, 0x30, 0xe0, 0x02, 0xc1, 0xa7, 0x90, 0xa5, 0xf2, 0xe0, 0x30, 0xe0, 0x20,
  0x90, 0xa6, 0x14, 0xe0, 0x24, 0x04, 0x33, 0x33, 0x33, 0x54, 0xf8, 0x90, 0xa6,
  0x0c, 0xf0, 0x90, 0xa6, 0x14, 0xe0, 0x24, 0x03, 0x33, 0x33, 0x33, 0x54, 0xf8,
  0x90, 0xa6, 0x0b, 0xf0, 0x80, 0x10, 0x90, 0xa6, 0x0c, 0x74, 0x10, 0xf0, 0x90,
  0xa6, 0x0b, 0x74, 0x08, 0xf0, 0x74, 0x10, 0x2b, 0xfb, 0x90, 0xa6, 0x0b, 0xe0,
  0xfe, 0x90, 0xa6, 0x0a, 0xe0, 0xd3, 0x9e, 0x50, 0x0e, 0x90, 0xa5, 0xff, 0xeb,
  0xf0, 0x90, 0xa6, 0x0c, 0xe0, 0xc3, 0x9d, 0x2f, 0x80, 0x11, 0xc3, 0xed, 0x9e,
  0x2b, 0x90, 0xa5, 0xff, 0xf0, 0x90, 0xa6, 0x0b, 0xe0, 0xff, 0xa3, 0xe0, 0xc3,
  0x9f, 0x90, 0xa6, 0x0f, 0xf0, 0x90, 0xa6, 0x0c, 0xd1, 0xb3, 0x90, 0xa6, 0x0f,
  0xd1, 0xbc, 0x40, 0x04, 0xef, 0x24, 0x50, 0xf0, 0x90, 0xa6, 0x0f, 0xd1, 0xb3,
  0x90, 0xa5, 0xff, 0xd1, 0xbc, 0x40, 0x04, 0xef, 0x24, 0x50, 0xf0, 0x90, 0xa6,
  0x0f, 0x12, 0xa9, 0xf1, 0x7e, 0x00, 0x90, 0xa6, 0x03, 0xee, 0xf0, 0xa3, 0xef,
  0xf0, 0x90, 0x05, 0x58, 0xf0, 0x90, 0xa6, 0x0f, 0xe0, 0x54, 0x07, 0xff, 0x90,
  0x05, 0xb1, 0xe0, 0x54, 0xf8, 0x4f, 0xf0, 0xd1, 0xc7, 0x80, 0x07, 0x90, 0xa5,
  0xf4, 0xe0, 0x44, 0x01, 0xf0, 0xd0, 0xd0, 0x92, 0xaf, 0x22, 0xe0, 0xff, 0x24,
  0x50, 0xfd, 0xe4, 0x33, 0xfc, 0x22, 0xe0, 0xd3, 0x9d, 0xec, 0x64, 0x80, 0xf8,
  0x74, 0x80, 0x98, 0x22, 0x90, 0xa5, 0xf4, 0xe0, 0x54, 0xfe, 0xf0, 0x22, 0x90,
  0xa7, 0x8f, 0xe0, 0x54, 0xfe, 0xf0, 0x54, 0xe1, 0xf0, 0x90, 0xa7, 0x94, 0xe0,
  0xff, 0x12, 0x70, 0x2d, 0x90, 0xa5, 0xf7, 0xe0, 0x70, 0x0c, 0x12, 0x88, 0xda,
  0x90, 0xa9, 0x06, 0x12, 0x8d, 0x9b, 0x12, 0xb9, 0x0c, 0x22, 0x90, 0xcd, 0x38,
  0xef, 0xf0, 0x90, 0xa7, 0xcb, 0xe0, 0x70, 0x57, 0x7f, 0x48, 0x7e, 0x09, 0x12,
  0x59, 0x89, 0xee, 0x54, 0x0f, 0xfe, 0xe4, 0xfd, 0xfc, 0x90, 0xcd, 0x39, 0x12,
  0x04, 0xe0, 0xe4, 0x7f, 0x80, 0x7e, 0x02, 0x12, 0xae, 0xd8, 0x70, 0x05, 0x90,
  0xa7, 0x95, 0x80, 0x1e, 0xe4, 0xff, 0x12, 0xae, 0xd7, 0x70, 0x0a, 0x90, 0xa7,
  0x95, 0x04, 0xf0, 0xe4, 0xa3, 0xf0, 0x80, 0x59, 0xe4, 0xff, 0x7e, 0x02, 0x12,
  0xae, 0xd8, 0x70, 0x09, 0x90, 0xa7, 0x95, 0x04, 0xf0, 0xa3, 0xf0, 0x80, 0x47,
  0xe4, 0x7f, 0x80, 0x12, 0xae, 0xd7, 0x70, 0x3f, 0x90, 0xa7, 0x95, 0xf0, 0xa3,
  0x04, 0xf0, 0x80, 0x36, 0x7f, 0x2c, 0x7e, 0x09, 0x12, 0x59, 0x89, 0xef, 0x54,
  0x02, 0xf1, 0xd9, 0x60, 0x08, 0x90, 0xa7, 0x95, 0x74, 0x01, 0xf0, 0x80, 0x05,
  0xe4, 0x90, 0xa7, 0x95, 0xf0, 0x7f, 0x30, 0x7e, 0x09, 0x12, 0x59, 0x89, 0xef,
  0x54, 0x01, 0xf1, 0xd9, 0x60, 0x07, 0xe4, 0x90, 0xa7, 0x96, 0xf0, 0x80, 0x06,
  0x90, 0xa7, 0x96, 0x74, 0x01, 0xf0, 0x90, 0xa7, 0x8f, 0xe0, 0x44, 0x01, 0xf0,
  0x90, 0xa9, 0x06, 0x12, 0x8d, 0x9b, 0x7b, 0x11, 0x12, 0xf4, 0x30, 0x12, 0x88,
  0xdd, 0x90, 0x07, 0x78, 0xe0, 0x90, 0xa7, 0x94, 0xf0, 0x90, 0xcd, 0x38, 0xe0,
  0xfd, 0x70, 0x02, 0x80, 0x1c, 0xed, 0xb4, 0x01, 0x06, 0xf1, 0xd2, 0x44, 0x20,
  0xf0, 0x22, 0x90, 0xcd, 0x38, 0xe0, 0xfd, 0xb4, 0x02, 0x06, 0xf1, 0xd2, 0x44,
  0x60, 0xf0, 0x22, 0xed, 0xb4, 0x03, 0x03, 0xf1, 0xd2, 0xf0, 0x22, 0x90, 0xa7,
  0x8f, 0xe0, 0x54, 0x1f, 0x22, 0xff, 0xe4, 0xfe, 0xfd, 0xfc, 0x90, 0xcd, 0x39,
  0x12, 0x04, 0xe0, 0x90, 0xcd, 0x39, 0x12, 0x05, 0xab, 0xec, 0x4d, 0x4e, 0x4f,
  0x22, 0x90, 0xcd, 0x6f, 0xef, 0xf0, 0x22, 0xd3, 0x10, 0xaf, 0x01, 0xc3, 0xc0,
  0xd0, 0x90, 0xcd, 0x5f, 0x12, 0x86, 0x61, 0xe4, 0xff, 0x90, 0xcd, 0x5f, 0x11,
  0x19, 0xfe, 0x74, 0x30, 0x12, 0xf6, 0xe6, 0x0f, 0xef, 0xb4, 0x08, 0xf0, 0xd0,
  0xd0, 0x92, 0xaf, 0x22, 0x12, 0x05, 0xdc, 0x8f, 0x82, 0x75, 0x83, 0x00, 0x02,
  0x02, 0x1f, 0x90, 0xc6, 0xe2, 0xe0, 0x90, 0xca, 0x93, 0xf0, 0x90, 0xc6, 0xe3,
  0xe0, 0x90, 0xca, 0x94, 0xf0, 0x90, 0xc6, 0xe4, 0xe0, 0x90, 0xca, 0x95, 0xf0,
  0x90, 0xc6, 0xe5, 0xe0, 0x90, 0xca, 0x96, 0xf0, 0x90, 0xc6, 0xe6, 0xe0, 0x90,
  0xca, 0x97, 0xf0, 0x90, 0xc6, 0xd3, 0xe0, 0x90, 0xca, 0x98, 0xf0, 0x90, 0xc6,
  0xd4, 0xe0, 0x90, 0xca, 0x99, 0xf0, 0x90, 0xc6, 0xd5, 0xe0, 0x90, 0xca, 0x9a,
  0xf0, 0x90, 0xc6, 0xd6, 0xe0, 0x90, 0xca, 0x9b, 0xf0, 0x90, 0xc6, 0xd7, 0xe0,
  0x90, 0xca, 0x9c, 0xf0, 0x90, 0xc6, 0xd8, 0xe0, 0x90, 0xca, 0x9d, 0xf0, 0x90,
  0xc6, 0xd9, 0xe0, 0x90, 0xca, 0x9e, 0xf0, 0x90, 0xc6, 0xda, 0xe0, 0x90, 0xca,
  0x9f, 0xf0, 0x90, 0xc6, 0xdb, 0xe0, 0x90, 0xca, 0xa0, 0xf0, 0x90, 0xc6, 0xdc,
  0xe0, 0x90, 0xca, 0xa1, 0xf0, 0x12, 0xc4, 0x2b, 0x90, 0xca, 0x3b, 0xf0, 0x91,
  0xf9, 0x50, 0x04, 0xb1, 0x06, 0x80, 0xf8, 0x90, 0xc6, 0xc4, 0xe0, 0xc4, 0x13,
  0x54, 0x07, 0x30, 0xe0, 0x12, 0x90, 0x01, 0x02, 0xe0, 0x54, 0x0c, 0xff, 0xbf,
  0x08, 0x08, 0x90, 0xca, 0xb1, 0x74, 0x01, 0xf0, 0x80, 0x05, 0xe4, 0x90, 0xca,
  0xb1, 0xf0, 0x90, 0x01, 0x1f, 0xe0, 0xfe, 0x90, 0x01, 0x1e, 0xf1, 0xde, 0x90,
  0xca, 0x30, 0xf0, 0xa3, 0xd1, 0x0a, 0x91, 0xf9, 0x50, 0x4e, 0xb1, 0x3a, 0x90,
  0xca, 0x3b, 0xe0, 0xfe, 0x24, 0xa2, 0xf5, 0x82, 0xe4, 0x34, 0xca, 0xb1, 0x72,
  0xe0, 0x24, 0x4d, 0xf5, 0x82, 0xe4, 0x34, 0xfc, 0xf5, 0x83, 0xe0, 0xff, 0x74,
  0x3d, 0x2e, 0xf5, 0x82, 0xe4, 0x34, 0xca, 0xb1, 0x72, 0xe0, 0x24, 0x4e, 0xf9,
  0xe4, 0x34, 0xfc, 0xfa, 0x7b, 0x01, 0xee, 0xd1, 0x2f, 0xf5, 0x83, 0x12, 0x86,
  0x61, 0xb1, 0x76, 0xe0, 0x24, 0x38, 0xf9, 0xe4, 0x34, 0xfc, 0xfa, 0xee, 0xd1,
  0x23, 0xf5, 0x83, 0x12, 0x86, 0x61, 0xb1, 0x13, 0x80, 0xae, 0x90, 0x02, 0x87,
  0xe0, 0x70, 0x02, 0x81, 0xeb, 0x90, 0xc6, 0xc4, 0xe0, 0x20, 0xe0, 0x02, 0x81,
  0xeb, 0xe4, 0x90, 0xca, 0xac, 0x12, 0xc4, 0x33, 0x90, 0xca, 0x30, 0xe0, 0xff,
  0xa3, 0xe0, 0xa3, 0xcf, 0xf1, 0xd5, 0xfc, 0xa3, 0xe0, 0xfd, 0xec, 0x90, 0xfd,
  0x11, 0xf0, 0x74, 0x01, 0x2d, 0xf5, 0x82, 0xe4, 0x34, 0xfb, 0xf5, 0x83, 0xe0,
  0xfe, 0x74, 0x00, 0x2d, 0xf5, 0x82, 0xe4, 0x34, 0xfb, 0xf5, 0x83, 0xe0, 0x7a,
  0x00, 0x24, 0x00, 0xff, 0xea, 0x3e, 0x54, 0x3f, 0xf1, 0xcd, 0x74, 0x02, 0x2d,
  0xf5, 0x82, 0xe4, 0x34, 0xfb, 0xf5, 0x83, 0xe0, 0x54, 0x0f, 0x33, 0x33, 0x33,
  0x54, 0xf8, 0x90, 0xca, 0x37, 0xf0, 0xfc, 0x74, 0x07, 0x2d, 0xf5, 0x82, 0xe4,
  0x34, 0xfb, 0xf5, 0x83, 0xe0, 0x54, 0xc0, 0x90, 0xca, 0x39, 0xf0, 0xec, 0x24,
  0x18, 0x90, 0xca, 0x36, 0xf0, 0xfd, 0x90, 0xca, 0x32, 0xe0, 0xfe, 0xa3, 0xe0,
  0xff, 0x12, 0xcf, 0x10, 0xef, 0x54, 0xfc, 0x90, 0xca, 0x38, 0xf0, 0x90, 0xca,
  0x37, 0xe0, 0x24, 0x18, 0xff, 0xe4, 0x33, 0x90, 0xca, 0x34, 0x8f, 0xf0, 0x12,
  0x03, 0x1d, 0xf1, 0xe7, 0x12, 0xf0, 0xfd, 0x90, 0xca, 0x30, 0xf1, 0x54, 0x90,
  0xa5, 0xda, 0xe0, 0xfe, 0xa3, 0xe0, 0xff, 0x90, 0xca, 0x30, 0x12, 0xf6, 0x70,
  0x40, 0x1b, 0x90, 0xa5, 0xdb, 0xe0, 0x24, 0x01, 0xff, 0x90, 0xa5, 0xda, 0xe0,
  0x34, 0x00, 0xfe, 0xc3, 0xed, 0x9f, 0xff, 0xec, 0x9e, 0x90, 0xca, 0x30, 0xf0,
  0xa3, 0xef, 0xf0, 0x90, 0xca, 0x38, 0xe0, 0x24, 0xc0, 0x60, 0x02, 0x61, 0xe6,
  0x91, 0xec, 0x24, 0x18, 0x12, 0xcf, 0x0f, 0xef, 0x60, 0x02, 0x61, 0xdc, 0x91,
  0xec, 0x24, 0x19, 0x12, 0xcf, 0x0f, 0x90, 0xca, 0x51, 0xd1, 0x12, 0x90, 0xca,
  0x51, 0xe0, 0xff, 0xb1, 0x28, 0x9f, 0x50, 0x16, 0x91, 0xec, 0x24, 0x1a, 0x12,
  0xcf, 0x0c, 0x90, 0xca, 0x3a, 0xe0, 0x24, 0x52, 0xf5, 0x82, 0xe4, 0x34, 0xca,
  0xb1, 0x2f, 0x80, 0xe0, 0x90, 0xca, 0x51, 0xe0, 0x70, 0x02, 0x61, 0x11, 0xe4,
  0x90, 0xca, 0x3b, 0xf0, 0x91, 0xf9, 0x40, 0x02, 0x41, 0xf9, 0xb1, 0x3a, 0x90,
  0xca, 0x3b, 0xe0, 0xff, 0x24, 0x3d, 0xf5, 0x82, 0xe4, 0x34, 0xca, 0xf5, 0x83,
  0xe0, 0xfe, 0x90, 0xca, 0x51, 0xe0, 0xfd, 0xee, 0x6d, 0x70, 0x1f, 0xef, 0xd1,
  0x2f, 0xf5, 0x83, 0x12, 0x05, 0xdc, 0xc0, 0x03, 0xc0, 0x02, 0xc0, 0x01, 0xb1,
  0x81, 0xed, 0xf0, 0xd0, 0x01, 0xd0, 0x02, 0xd0, 0x03, 0xb1, 0x49, 0xef, 0x60,
  0x02, 0x80, 0x47, 0x90, 0xca, 0x51, 0xe0, 0x64, 0x03, 0x70, 0x4e, 0xb1, 0x81,
  0x74, 0x03, 0xf0, 0x7a, 0xcd, 0x79, 0x2d, 0xb1, 0x49, 0xef, 0x70, 0x0e, 0xb1,
  0x81, 0x74, 0x03, 0xf0, 0x7a, 0xcd, 0x79, 0x29, 0xb1, 0x49, 0xef, 0x60, 0x2a,
  0x90, 0xca, 0x3b, 0xe0, 0xff, 0x24, 0x9d, 0xf5, 0x82, 0xe4, 0x34, 0xca, 0xf5,
  0x83, 0xe0, 0x60, 0x02, 0x80, 0x0b, 0x90, 0xca, 0x3b, 0xe0, 0xff, 0x24, 0x98,
  0xd1, 0x1a, 0x60, 0x05, 0x74, 0xac, 0x2f, 0x80, 0x15, 0xb1, 0x1a, 0x74, 0x01,
  0xf0, 0x80, 0x12, 0x90, 0xca, 0x3b, 0xe0, 0x24, 0xac, 0x80, 0x06, 0x90, 0xca,
  0x3b, 0xe0, 0x24, 0xac, 0xb1, 0x20, 0xe4, 0xf0, 0xb1, 0x13, 0x41, 0x55, 0x90,
  0xca, 0xac, 0xe0, 0x70, 0x4f, 0xa3, 0xe0, 0x70, 0x4b, 0xa3, 0xe0, 0x70, 0x47,
  0xa3, 0xe0, 0x70, 0x43, 0xa3, 0xe0, 0x70, 0x3f, 0x61, 0xdc, 0xe4, 0x90, 0xca,
  0x3b, 0xf0, 0x91, 0xf9, 0x50, 0x1c, 0x74, 0x98, 0x2e, 0xd1, 0x1a, 0x60, 0x09,
  0x74, 0xac, 0x2e, 0xb1, 0x20, 0xe4, 0xf0, 0x80, 0x08, 0x74, 0xac, 0x2e, 0xb1,
  0x20, 0x74, 0x01, 0xf0, 0xb1, 0x13, 0x80, 0xe0, 0x90, 0xca, 0xac, 0xe0, 0x70,
  0x12, 0xa3, 0xe0, 0x70, 0x0e, 0xa3, 0xe0, 0x70, 0x0a, 0xa3, 0xe0, 0x70, 0x06,
  0xa3, 0xe0, 0x70, 0x02, 0x61, 0xdc, 0xe4, 0x90, 0xca, 0x3b, 0xf0, 0x91, 0xf9,
  0x40, 0x02, 0x61, 0xdc, 0xb1, 0x3a, 0xb1, 0x1a, 0xe0, 0x60, 0x78, 0x90, 0xc9,
  0x8d, 0xe0, 0x30, 0xe0, 0x06, 0xc4, 0x54, 0x0f, 0x30, 0xe0, 0x6b, 0xe4, 0xff,
  0xfe, 0x90, 0x04, 0x1d, 0xe0, 0x60, 0x0b, 0xf1, 0xc5, 0x50, 0x07, 0x0f, 0xbf,
  0x00, 0x01, 0x0e, 0x80, 0xef, 0x90, 0x04, 0x1d, 0xe0, 0x70, 0x51, 0x90, 0xca,
  0x3b, 0xe0, 0x24, 0x93, 0xf5, 0x82, 0xe4, 0x34, 0xca, 0xf5, 0x83, 0xe0, 0xff,
  0x90, 0xae, 0x4e, 0x74, 0x06, 0xf0, 0x7b, 0x08, 0x7d, 0x01, 0x12, 0x67, 0xc4,
  0x90, 0xca, 0x34, 0xee, 0xf0, 0xa3, 0xd1, 0x12, 0xb1, 0x28, 0x94, 0x06, 0x50,
  0x1d, 0x91, 0xec, 0x24, 0x0a, 0x12, 0xcf, 0x0c, 0x90, 0xca, 0x34, 0xa3, 0xe0,
  0xfe, 0x90, 0xca, 0x3a, 0xe0, 0x2e, 0x24, 0x2c, 0xf5, 0x82, 0xe4, 0x34, 0xfc,
  0xb1, 0x2f, 0x80, 0xdd, 0x90, 0x04, 0x1f, 0x74, 0x20, 0xf0, 0x90, 0x06, 0x35,
  0xf0, 0xb1, 0x13, 0x61, 0x53, 0xd1, 0x3b, 0x90, 0x06, 0x36, 0x74, 0xdd, 0xf0,
  0x21, 0x30, 0x90, 0xca, 0x39, 0xe0, 0x60, 0x02, 0x81, 0xe7, 0x91, 0xec, 0x24,
  0x16, 0x12, 0xcf, 0x0f, 0x90, 0x06, 0x34, 0xef, 0xf0, 0x91, 0xec, 0x24, 0x17,
  0x12, 0xcf, 0x0f, 0x90, 0x06, 0x37, 0xd1, 0x0a, 0x91, 0xf9, 0x50, 0x42, 0xb1,
  0x3a, 0xe4, 0x90, 0xca, 0x3a, 0xf0, 0xb1, 0x28, 0x94, 0x06, 0x50, 0x31, 0x91,
  0xec, 0x24, 0x04, 0x2d, 0x12, 0xcf, 0x0f, 0x90, 0xca, 0x3b, 0xe0, 0xfe, 0xd1,
  0x23, 0xf5, 0x83, 0x12, 0x05, 0xdc, 0x90, 0xca, 0x3a, 0xe0, 0xf5, 0x82, 0x11,
  0x1e, 0x6f, 0x60, 0x0e, 0x74, 0xa7, 0x2e, 0xf5, 0x82, 0xe4, 0x34, 0xca, 0xf5,
  0x83, 0xe4, 0xf0, 0x80, 0x04, 0xb1, 0x33, 0x80, 0xc9, 0xb1, 0x13, 0x80, 0xba,
  0x90, 0xca, 0xa7, 0xe0, 0x64, 0x01, 0x60, 0x17, 0xa3, 0xe0, 0x64, 0x01, 0x60,
  0x11, 0xa3, 0xe0, 0x64, 0x01, 0x60, 0x0b, 0xa3, 0xe0, 0x64, 0x01, 0x60, 0x05,
  0xa3, 0xe0, 0xb4, 0x01, 0x06, 0x90, 0xca, 0x3c, 0x74, 0x01, 0xf0, 0x90, 0xc6,
  0xc4, 0x12, 0xbf, 0x64, 0x30, 0xe0, 0x45, 0x90, 0x01, 0x02, 0xe0, 0x54, 0x0c,
  0x64, 0x08, 0x70, 0x2e, 0x90, 0xca, 0x3a, 0xf0, 0xb1, 0x28, 0x94, 0x06, 0x50,
  0x24, 0x91, 0xec, 0x24, 0x04, 0x12, 0xcf, 0x0c, 0x90, 0xca, 0x3a, 0xe0, 0xfe,
  0xe4, 0x2e, 0xf5, 0x82, 0xe4, 0x34, 0x07, 0xf5, 0x83, 0xe0, 0x6f, 0x60, 0x07,
  0xe4, 0x90, 0xca, 0xb1, 0xf0, 0x80, 0x04, 0xb1, 0x33, 0x80, 0xd6, 0x90, 0xca,
  0xb1, 0xe0, 0xb4, 0x01, 0x06, 0x90, 0xca, 0x3c, 0x74, 0x01, 0xf0, 0x90, 0xca,
  0x3c, 0xe0, 0xb4, 0x01, 0x12, 0x12, 0xf1, 0x3d, 0x90, 0xc6, 0xce, 0xe0, 0x44,
  0x01, 0xf0, 0x12, 0xbf, 0xd6, 0x12, 0xbf, 0x28, 0x21, 0x30, 0x12, 0xc4, 0x2b,
  0x90, 0xca, 0x3b, 0xf0, 0x91, 0xf9, 0x50, 0x04, 0xb1, 0x06, 0x80, 0xf8, 0xd1,
  0x3b, 0x21, 0x30, 0x22, 0x90, 0xca, 0x32, 0xe0, 0xfe, 0xa3, 0xe0, 0xff, 0x90,
  0xca, 0x36, 0xe0, 0x22, 0x90, 0xc6, 0xd0, 0xe0, 0xff, 0x90, 0xca, 0x3b, 0xe0,
  0xfe, 0xc3, 0x9f, 0x22, 0x74, 0xa7, 0x2e, 0xf5, 0x82, 0xe4, 0x34, 0xca, 0xf5,
  0x83, 0x74, 0x01, 0xf0, 0x90, 0xca, 0x3b, 0xe0, 0x04, 0xf0, 0x22, 0x90, 0xca,
  0x3b, 0xe0, 0x24, 0xac, 0xf5, 0x82, 0xe4, 0x34, 0xca, 0xf5, 0x83, 0x22, 0x90,
  0xca, 0x3a, 0xe0, 0xfd, 0xc3, 0x22, 0xf5, 0x83, 0xef, 0xf0, 0x90, 0xca, 0x3a,
  0xe0, 0x04, 0xf0, 0x22, 0x74, 0x93, 0x2e, 0xf5, 0x82, 0xe4, 0x34, 0xca, 0xf5,
  0x83, 0xe0, 0xff, 0x02, 0x7c, 0xc2, 0x90, 0xca, 0xb2, 0x12, 0x86, 0x61, 0xe4,
  0xff, 0x90, 0xca, 0xb8, 0xe0, 0xfe, 0xef, 0xc3, 0x9e, 0x50, 0x14, 0x90, 0xca,
  0xb5, 0x11, 0x19, 0xfe, 0x90, 0xca, 0xb2, 0x11, 0x19, 0x6e, 0x60, 0x03, 0x7f,
  0x00, 0x22, 0x0f, 0x80, 0xe2, 0x7f, 0x01, 0x22, 0xf5, 0x83, 0xef, 0xf0, 0x74,
  0xa2, 0x2e, 0xf5, 0x82, 0xe4, 0x34, 0xca, 0xf5, 0x83, 0x22, 0x7b, 0x01, 0x7a,
  0xca, 0x79, 0x52, 0x90, 0xca, 0xb5, 0x12, 0x86, 0x61, 0x90, 0xca, 0xb8, 0x22,
  0x90, 0xc9, 0xad, 0x12, 0x86, 0x61, 0xe4, 0x90, 0xc9, 0xb2, 0xf0, 0xfd, 0x12,
  0x88, 0xcc, 0x8d, 0x82, 0x11, 0x1e, 0xf4, 0x60, 0x34, 0x90, 0xc9, 0xb2, 0xe0,
  0xff, 0x12, 0x88, 0xcc, 0x8d, 0x82, 0x11, 0x1e, 0xfe, 0x75, 0xf0, 0x18, 0x12,
  0x97, 0xa4, 0x12, 0x8f, 0xd7, 0xfc, 0xa8, 0x05, 0x08, 0x80, 0x02, 0xc3, 0x33,
  0xd8, 0xfc, 0x4f, 0x90, 0xc9, 0xb2, 0xf0, 0x75, 0xf0, 0x18, 0xee, 0x12, 0x97,
  0xec, 0xe0, 0xff, 0xb1, 0xff, 0xef, 0xf0, 0x80, 0x05, 0xb1, 0xff, 0x74, 0xff,
  0xf0, 0x0d, 0xed, 0xb4, 0x07, 0xb8, 0x90, 0xc9, 0xb0, 0x74, 0x05, 0xf0, 0x90,
  0xc9, 0xd2, 0x74, 0x08, 0xf0, 0x7b, 0x01, 0x7a, 0xc9, 0x79, 0xb0, 0x12, 0x8d,
  0x89, 0x7f, 0x04, 0x02, 0x05, 0x71, 0x74, 0xb3, 0x2d, 0xf5, 0x82, 0xe4, 0x34,
  0xc9, 0xf5, 0x83, 0x22, 0xef, 0xf0, 0xe4, 0x90, 0xca, 0x3b, 0xf0, 0x22, 0xef,
  0xf0, 0xe4, 0x90, 0xca, 0x3a, 0xf0, 0x22, 0xf5, 0x82, 0xe4, 0x34, 0xca, 0xf5,
  0x83, 0xe0, 0x22, 0x75, 0xf0, 0x03, 0xa4, 0x24, 0x84, 0xf5, 0x82, 0xe4, 0x34,
  0xca, 0x22, 0x75, 0xf0, 0x03, 0xa4, 0x24, 0x42, 0xf5, 0x82, 0xe4, 0x34, 0xca,
  0x22, 0x90, 0xca, 0x30, 0xe0, 0xfe, 0xa3, 0xe0, 0xff, 0x90, 0x02, 0x84, 0xef,
  0xf0, 0xee, 0xa3, 0xf0, 0xa3, 0xe0, 0x44, 0x01, 0xf0, 0x22, 0x90, 0xca, 0x61,
  0xed, 0xf0, 0xa3, 0xeb, 0xf0, 0xe4, 0x90, 0xca, 0x64, 0xf0, 0xa3, 0xf0, 0xa3,
  0xf0, 0x90, 0xca, 0x62, 0x12, 0x95, 0x1a, 0xfe, 0xc4, 0x54, 0x03, 0x7b, 0xff,
  0x60, 0x06, 0x7a, 0x81, 0x79, 0xc1, 0x80, 0x04, 0x7a, 0x81, 0x79, 0xa5, 0x90,
  0xca, 0x67, 0x12, 0x86, 0x61, 0xef, 0x14, 0x90, 0xca, 0x64, 0xf0, 0x90, 0xca,
  0x61, 0xe0, 0xff, 0xfd, 0x90, 0xca, 0x64, 0xe0, 0xfe, 0xfb, 0x33, 0x95, 0xe0,
  0xfa, 0xc3, 0xeb, 0x9d, 0x74, 0x80, 0xf8, 0x6a, 0x98, 0x50, 0x02, 0xe1, 0x46,
  0xee, 0x70, 0x07, 0x90, 0xca, 0x66, 0xef, 0xf0, 0xe1, 0x46, 0x90, 0xca, 0x64,
  0xe0, 0xff, 0x90, 0xca, 0x62, 0x12, 0xc7, 0x52, 0x70, 0x02, 0xe1, 0x3e, 0x90,
  0xca, 0x67, 0x12, 0x05, 0xdc, 0x90, 0xca, 0x61, 0xe0, 0xf5, 0x82, 0x11, 0x1e,
  0xff, 0x90, 0xca, 0x64, 0xe0, 0xfd, 0x33, 0x95, 0xe0, 0x8d, 0x82, 0xf5, 0x83,
  0x12, 0x02, 0x1f, 0xc3, 0x9f, 0x40, 0x61, 0x90, 0xca, 0x64, 0xe0, 0xff, 0x33,
  0x95, 0xe0, 0xfe, 0x90, 0xcc, 0x7c, 0xf0, 0xa3, 0xef, 0xf0, 0x90, 0xca, 0x61,
  0x12, 0x97, 0xdf, 0xed, 0xf0, 0x90, 0xca, 0x67, 0x12, 0x05, 0xdc, 0x8f, 0x82,
  0x8e, 0x83, 0x12, 0x02, 0x1f, 0x12, 0x97, 0xd5, 0x90, 0xca, 0x61, 0xe0, 0xf5,
  0x82, 0x11, 0x1e, 0x12, 0xc7, 0x6d, 0x7b, 0x07, 0x7a, 0x00, 0x12, 0xc5, 0xfe,
  0x90, 0xca, 0x64, 0xe0, 0x90, 0xca, 0x66, 0xf0, 0x90, 0xca, 0x65, 0xe0, 0x04,
  0xf0, 0x90, 0xca, 0x63, 0xe0, 0xff, 0x90, 0xca, 0x65, 0xe0, 0x6f, 0x60, 0x15,
  0x90, 0xca, 0x61, 0xe0, 0xff, 0x90, 0xca, 0x66, 0xe0, 0xd3, 0x9f, 0x40, 0x08,
  0x90, 0xca, 0x64, 0xe0, 0x14, 0xf0, 0xc1, 0x86, 0x90, 0xca, 0x66, 0xe0, 0xff,
  0x90, 0xca, 0x62, 0x12, 0xc6, 0x67, 0xef, 0xf0, 0x22, 0xee, 0x8f, 0xf0, 0x02,
  0x03, 0x1d, 0x90, 0xcd, 0x19, 0x12, 0x86, 0x61, 0x90, 0xcd, 0x15, 0x12, 0x05,
  0xdc, 0x90, 0xcd, 0x1c, 0x12, 0x86, 0x61, 0x90, 0xcd, 0x18, 0xe0, 0x24, 0xff,
  0xff, 0xe4, 0x34, 0xff, 0xfe, 0x90, 0xcd, 0x1a, 0x8f, 0xf0, 0x12, 0x03, 0x1d,
  0x90, 0xcd, 0x1d, 0xf1, 0x54, 0x90, 0xcd, 0x18, 0xe0, 0xd3, 0x94, 0x00, 0x40,
  0x2e, 0x90, 0xcd, 0x1c, 0x12, 0x05, 0xdc, 0x12, 0x02, 0x06, 0xff, 0x90, 0xcd,
  0x19, 0x12, 0x05, 0xdc, 0x12, 0x02, 0x06, 0xfe, 0x6f, 0x60, 0x05, 0xc3, 0xee,
  0x9f, 0xff, 0x22, 0x90, 0xcd, 0x1a, 0xf1, 0xbe, 0x90, 0xcd, 0x1d, 0xf1, 0xbe,
  0x90, 0xcd, 0x18, 0xe0, 0x14, 0xf0, 0x80, 0xc9, 0x7f, 0x00, 0x22, 0x74, 0xff,
  0xf5, 0xf0, 0x02, 0x03, 0x1d, 0xd3, 0xef, 0x94, 0xe8, 0xee, 0x94, 0x03, 0x22,
  0x90, 0xca, 0x34, 0xf0, 0xa3, 0xef, 0xf0, 0x22, 0xf0, 0xa3, 0xef, 0xf0, 0x90,
  0xca, 0x32, 0xe0, 0x22, 0xe0, 0x7c, 0x00, 0x24, 0x00, 0xff, 0xec, 0x3e, 0x22,
  0x90, 0xca, 0x34, 0xe0, 0xfe, 0xa3, 0xe0, 0xff, 0x22, 0xd3, 0x10, 0xaf, 0x01,
  0xc3, 0xc0, 0xd0, 0x7b, 0xff, 0x7a, 0x80, 0x79, 0xc0, 0xef, 0x64, 0x01, 0x70,
  0x21, 0xed, 0x54, 0x7f, 0xfd, 0xc3, 0x94, 0x14, 0x40, 0x15, 0xed, 0xd3, 0x94,
  0x1b, 0x50, 0x0f, 0xed, 0x75, 0xf0, 0x08, 0xa4, 0x24, 0xe0, 0xf9, 0x74, 0x7f,
  0x35, 0xf0, 0xfa, 0x7b, 0xff, 0x12, 0xd7, 0xf5, 0xd0, 0xd0, 0x92, 0xaf, 0x22,
  0xd3, 0x10, 0xaf, 0x01, 0xc3, 0xc0, 0xd0, 0x90, 0xcc, 0xad, 0xed, 0xf0, 0xa3,
  0xef, 0xf0, 0xa3, 0xeb, 0xf0, 0x90, 0xcc, 0xaa, 0xe0, 0x90, 0xcc, 0xb0, 0xf0,
  0x75, 0xf0, 0x12, 0xef, 0x90, 0xb8, 0x16, 0x12, 0x86, 0x55, 0xe0, 0x90, 0xcc,
  0xb2, 0xf0, 0x75, 0xf0, 0x12, 0xef, 0x12, 0x95, 0x1e, 0x13, 0x13, 0x54, 0x03,
  0x90, 0xcc, 0xb3, 0xf0, 0x90, 0xcc, 0xab, 0x74, 0x0c, 0xf0, 0x90, 0xcc, 0xcd,
  0x74, 0x07, 0xf0, 0x7b, 0x01, 0x7a, 0xcc, 0x79, 0xab, 0x12, 0x8d, 0x89, 0x7f,
  0x04, 0x12, 0x05, 0x71, 0xd0, 0xd0, 0x92, 0xaf, 0x22, 0xe4, 0x12, 0x87, 0xe2,
  0xe0, 0x30, 0xe1, 0x25, 0xed, 0xb4, 0x17, 0x05, 0xeb, 0x64, 0x11, 0x60, 0x1a,
  0xed, 0xb4, 0x16, 0x05, 0xeb, 0x64, 0x10, 0x60, 0x11, 0xed, 0xb4, 0x15, 0x05,
  0xeb, 0x64, 0x0f, 0x60, 0x08, 0xed, 0xb4, 0x14, 0x06, 0xeb, 0xb4, 0x0d, 0x02,
  0x7e, 0x01, 0xaf, 0x06, 0x22, 0x90, 0xca, 0x60, 0xef, 0xf0, 0xa3, 0xeb, 0xf0,
  0x90, 0xca, 0x63, 0x74, 0x01, 0xf0, 0x6b, 0x70, 0x49, 0xed, 0xc3, 0x94, 0x0c,
  0x40, 0x1b, 0xed, 0x24, 0xf4, 0xa3, 0xf0, 0xe0, 0xff, 0x25, 0xe0, 0x24, 0xe1,
  0xf5, 0x82, 0xe4, 0x34, 0x81, 0x31, 0xb6, 0x24, 0xe2, 0xf5, 0x82, 0xe4, 0x34,
  0x81, 0x80, 0x43, 0xed, 0xd3, 0x94, 0x04, 0x50, 0x1b, 0x90, 0xca, 0x64, 0xed,
  0xf0, 0xe0, 0xff, 0x25, 0xe0, 0x24, 0x7f, 0xf5, 0x82, 0xe4, 0x34, 0x81, 0x31,
  0xb6, 0x24, 0x80, 0xf5, 0x82, 0xe4, 0x34, 0x81, 0x80, 0x22, 0xe4, 0x90, 0xca,
  0x63, 0xf0, 0xff, 0x22, 0xed, 0x24, 0xf3, 0x90, 0xca, 0x64, 0xf0, 0xe0, 0xff,
  0x25, 0xe0, 0x24, 0xff, 0xf5, 0x82, 0xe4, 0x34, 0x81, 0x31, 0xb6, 0x24, 0x00,
  0xf5, 0x82, 0xe4, 0x34, 0x82, 0xf5, 0x83, 0xe4, 0x93, 0xf9, 0x31, 0xc2, 0xfd,
  0x12, 0xa7, 0x1c, 0x90, 0xca, 0x62, 0xef, 0xf0, 0xaf, 0x01, 0x90, 0xca, 0x60,
  0xe0, 0xfd, 0x12, 0xa7, 0x1c, 0xa9, 0x07, 0x90, 0xca, 0x62, 0xe0, 0xfd, 0xf4,
  0x60, 0x38, 0xe9, 0xf4, 0x60, 0x34, 0x90, 0xca, 0x60, 0xe0, 0xff, 0xab, 0x01,
  0x11, 0x7f, 0xef, 0x60, 0x09, 0x90, 0xca, 0x62, 0xe0, 0xff, 0xe9, 0xf0, 0xa9,
  0x07, 0x90, 0xca, 0x61, 0xe0, 0x7f, 0x01, 0xb4, 0x01, 0x02, 0x7f, 0x03, 0xef,
  0x54, 0x0f, 0xff, 0x90, 0xca, 0x60, 0xe0, 0x75, 0xf0, 0x12, 0x12, 0x92, 0x47,
  0x54, 0xf0, 0x4f, 0xf0, 0x80, 0x1f, 0x90, 0xca, 0x62, 0xe0, 0xb4, 0xff, 0x0a,
  0xe9, 0xf4, 0x60, 0x06, 0xe9, 0xf0, 0x79, 0xff, 0x80, 0x0e, 0x90, 0xca, 0x62,
  0xe0, 0xb4, 0xff, 0x07, 0xe9, 0xb4, 0xff, 0x03, 0xe4, 0xa3, 0xf0, 0x31, 0xc2,
  0xfe, 0x12, 0xc6, 0x68, 0xef, 0xf0, 0x75, 0xf0, 0x12, 0xee, 0x12, 0x97, 0xaf,
  0xe9, 0xf0, 0x90, 0xca, 0x63, 0xe0, 0xff, 0x22, 0xf5, 0x83, 0xe4, 0x93, 0x90,
  0xca, 0x62, 0xf0, 0xef, 0x25, 0xe0, 0x22, 0x90, 0xca, 0x62, 0xe0, 0xff, 0x90,
  0xca, 0x60, 0xe0, 0x22, 0x8e, 0x70, 0x8f, 0x71, 0x75, 0x72, 0x00, 0x75, 0x73,
  0x01, 0xe4, 0xfb, 0xfa, 0xe5, 0x71, 0xb5, 0x05, 0x0d, 0xe5, 0x70, 0xb5, 0x04,
  0x08, 0x75, 0x72, 0x00, 0x75, 0x73, 0x64, 0x41, 0xcf, 0xe5, 0x71, 0x45, 0x70,
  0x60, 0x09, 0xd3, 0xe5, 0x71, 0x9d, 0xe5, 0x70, 0x9c, 0x40, 0x07, 0xe4, 0xf5,
  0x72, 0xf5, 0x73, 0x41, 0xcf, 0xd3, 0xed, 0x94, 0xff, 0xec, 0x94, 0x0f, 0x50,
  0x06, 0x7a, 0x00, 0x7b, 0x04, 0x80, 0x2b, 0xd3, 0xed, 0x94, 0xff, 0xec, 0x94,
  0x1f, 0x50, 0x06, 0x7a, 0x00, 0x7b, 0x03, 0x80, 0x1c, 0xd3, 0xed, 0x94, 0xff,
  0xec, 0x94, 0x3f, 0x50, 0x06, 0x7a, 0x00, 0x7b, 0x02, 0x80, 0x0d, 0xd3, 0xed,
  0x94, 0xff, 0xec, 0x94, 0x7f, 0x50, 0x04, 0x7a, 0x00, 0x7b, 0x01, 0xaf, 0x03,
  0xed, 0xae, 0x04, 0xa8, 0x07, 0x08, 0x80, 0x05, 0xc3, 0x33, 0xce, 0x33, 0xce,
  0xd8, 0xf9, 0xfd, 0xac, 0x06, 0xaf, 0x03, 0xe5, 0x71, 0xae, 0x70, 0xa8, 0x07,
  0x08, 0x80, 0x05, 0xc3, 0x33, 0xce, 0x33, 0xce, 0xd8, 0xf9, 0xfb, 0xaa, 0x06,
  0xe4, 0xf9, 0xec, 0xc3, 0x13, 0xfc, 0xed, 0x13, 0xfd, 0xd3, 0xeb, 0x9d, 0xea,
  0x9c, 0x40, 0x46, 0x74, 0x80, 0x7e, 0x0c, 0xa8, 0x01, 0x08, 0x80, 0x06, 0xce,
  0xa2, 0xe7, 0x13, 0xce, 0x13, 0xd8, 0xf8, 0x25, 0x73, 0xf5, 0x73, 0xee, 0x35,
  0x72, 0xf5, 0x72, 0xc3, 0xeb, 0x9d, 0xfb, 0xea, 0x9c, 0xfa, 0xed, 0x64, 0x01,
  0x4c, 0x70, 0x0f, 0xc3, 0xeb, 0x94, 0x02, 0xea, 0x94, 0x00, 0x40, 0x06, 0x7c,
  0x00, 0x7d, 0x02, 0x80, 0x10, 0xed, 0x64, 0x01, 0x4c, 0x70, 0x06, 0xeb, 0x64,
  0x01, 0x4a, 0x60, 0x08, 0xeb, 0x4a, 0x60, 0x04, 0x09, 0xb9, 0x0c, 0xa8, 0xe5,
  0x73, 0xae, 0x72, 0x78, 0x06, 0xce, 0xc3, 0x13, 0xce, 0x13, 0xd8, 0xf9, 0xf5,
  0x73, 0x8e, 0x72, 0xae, 0x72, 0xaf, 0x73, 0x22, 0xe4, 0x90, 0xca, 0x3c, 0xf0,
  0x90, 0xca, 0x3f, 0xf0, 0x90, 0xc6, 0xc1, 0xe0, 0x04, 0xf0, 0xe0, 0x75, 0xf0,
  0x05, 0x84, 0xe5, 0xf0, 0x70, 0x31, 0x90, 0xa5, 0xec, 0xe0, 0x60, 0x2b, 0x90,
  0xc6, 0xc2, 0x74, 0xff, 0xf0, 0x90, 0xa5, 0xdf, 0x12, 0xc6, 0x1c, 0x90, 0xa5,
  0xde, 0xe0, 0xff, 0x12, 0x97, 0xe1, 0xef, 0xf0, 0x90, 0xa5, 0xdd, 0x12, 0x97,
  0xd4, 0x90, 0xa5, 0xdc, 0x12, 0xc7, 0x6c, 0xe4, 0xfb, 0xfa, 0xfd, 0x7f, 0xff,
  0x12, 0xc6, 0x79, 0xe4, 0xf5, 0x63, 0x90, 0xa5, 0xec, 0xe0, 0xff, 0xe5, 0x63,
  0xc3, 0x9f, 0x40, 0x03, 0x02, 0xee, 0xa0, 0x90, 0x04, 0xa0, 0xe0, 0x90, 0xca,
  0x30, 0xf0, 0x90, 0x04, 0xa1, 0xe0, 0x90, 0xca, 0x31, 0xf0, 0x90, 0xc6, 0xc3,
  0xe5, 0x63, 0xf0, 0x90, 0xca, 0x30, 0xe0, 0xb4, 0x02, 0x08, 0xa3, 0xe0, 0x90,
  0xc6, 0xc2, 0xf0, 0x80, 0x06, 0x90, 0xc6, 0xc2, 0x74, 0xff, 0xf0, 0xaf, 0x63,
  0x12, 0x77, 0x65, 0xef, 0x70, 0x03, 0x02, 0xee, 0x9b, 0x75, 0xf0, 0x12, 0xe5,
  0x63, 0x12, 0x95, 0x1e, 0x12, 0x8f, 0xd8, 0x30, 0xe0, 0x03, 0x02, 0xee, 0x9b,
  0x75, 0xf0, 0x12, 0xe5, 0x63, 0x12, 0x93, 0x5e, 0x12, 0xb7, 0x8a, 0x30, 0xe0,
  0x03, 0x02, 0xee, 0x9b, 0x12, 0xa7, 0xc2, 0x12, 0xa2, 0x6d, 0x4e, 0x70, 0x0d,
  0x74, 0x05, 0x25, 0x63, 0x12, 0xa7, 0xba, 0xe0, 0x70, 0x03, 0x02, 0xee, 0x9b,
  0x75, 0xf0, 0x12, 0xe5, 0x63, 0x12, 0x92, 0x47, 0x54, 0xf0, 0xf0, 0xe5, 0x63,
  0x75, 0xf0, 0x0a, 0xa4, 0x24, 0x01, 0xf9, 0x74, 0xb0, 0x35, 0xf0, 0x75, 0x68,
  0x01, 0xf5, 0x69, 0x89, 0x6a, 0x12, 0xa7, 0xc2, 0xf5, 0x83, 0xe0, 0xf5, 0x6b,
  0xa3, 0xe0, 0xf5, 0x6c, 0x74, 0x05, 0x25, 0x63, 0x12, 0xa7, 0xba, 0xe0, 0xf5,
  0x6d, 0x75, 0xf0, 0x18, 0xe5, 0x63, 0x12, 0x97, 0xec, 0xe0, 0xf5, 0x64, 0x54,
  0x7f, 0xf5, 0x66, 0xe5, 0x64, 0x54, 0x80, 0xf5, 0x65, 0x75, 0xf0, 0x12, 0xe5,
  0x63, 0x12, 0x97, 0xba, 0xe5, 0x64, 0xf0, 0xab, 0x68, 0xaa, 0x69, 0x12, 0xf5,
  0xe5, 0x12, 0xc6, 0x71, 0x12, 0xef, 0x59, 0x12, 0xf6, 0x40, 0xff, 0x90, 0xcc,
  0x7c, 0x12, 0xf6, 0x1c, 0xa3, 0xe4, 0xf0, 0xa3, 0xe5, 0x6d, 0xf0, 0xa3, 0xe5,
  0x6b, 0xf0, 0xa3, 0xe5, 0x6c, 0xf0, 0xa3, 0xe4, 0xf0, 0xa3, 0xe5, 0x64, 0xf0,
  0x7b, 0x02, 0x12, 0xc6, 0x73, 0x12, 0x87, 0xed, 0xe0, 0xff, 0x12, 0xee, 0xa8,
  0x12, 0x97, 0xdf, 0xed, 0xf0, 0x12, 0xc6, 0x1e, 0x90, 0xcc, 0x80, 0xe4, 0xf0,
  0xa3, 0xe5, 0x63, 0x12, 0x98, 0xea, 0x7b, 0x04, 0xfa, 0x12, 0xc6, 0x75, 0x12,
  0xf5, 0xb5, 0xfe, 0x90, 0x00, 0x08, 0x12, 0xf5, 0xdc, 0x90, 0xca, 0x45, 0xf0,
  0xa3, 0xef, 0xf0, 0x12, 0xf6, 0xb0, 0xfd, 0xac, 0xf0, 0x25, 0xe0, 0xff, 0xec,
  0x33, 0xfe, 0xef, 0x2d, 0xfd, 0xee, 0x3c, 0xfc, 0x12, 0xf6, 0x8e, 0x12, 0xf7,
  0x20, 0x90, 0x00, 0x02, 0x12, 0xf5, 0xdc, 0xcf, 0x2d, 0xfd, 0xef, 0x3c, 0xfc,
  0x12, 0xf6, 0x40, 0xae, 0xf0, 0x78, 0x02, 0xc3, 0x33, 0xce, 0x33, 0xce, 0xd8,
  0xf9, 0x2d, 0xff, 0xec, 0x3e, 0x90, 0xca, 0x49, 0xf0, 0xa3, 0xef, 0xf0, 0x12,
  0x03, 0x49, 0xff, 0xc3, 0x90, 0xca, 0x46, 0xe0, 0x9f, 0xfe, 0x90, 0xca, 0x45,
  0xe0, 0x95, 0xf0, 0x90, 0xca, 0x47, 0xf0, 0xa3, 0xce, 0xf0, 0xc3, 0x74, 0xff,
  0x95, 0x6d, 0xff, 0x74, 0xff, 0x94, 0x00, 0xfe, 0xe5, 0x63, 0x12, 0xa6, 0xfa,
  0x12, 0xf6, 0x6e, 0x50, 0x0b, 0x7e, 0x00, 0xed, 0x25, 0x6d, 0xff, 0xee, 0x3c,
  0xfe, 0x80, 0x04, 0x7e, 0xff, 0x7f, 0xff, 0xe5, 0x63, 0x12, 0xa6, 0xfa, 0x12,
  0xd4, 0x4b, 0x90, 0xca, 0x45, 0x12, 0xf6, 0x94, 0x12, 0xa2, 0x9e, 0x12, 0xf6,
  0x6e, 0x50, 0x08, 0x90, 0xca, 0x45, 0x12, 0xf6, 0xc3, 0x80, 0x04, 0x7e, 0xff,
  0x7f, 0xff, 0xe5, 0x63, 0x12, 0xa2, 0x9e, 0x12, 0xd4, 0x4b, 0x90, 0xca, 0x49,
  0x12, 0xf6, 0x94, 0x12, 0xa7, 0xdf, 0x12, 0xf6, 0x6e, 0x50, 0x08, 0x90, 0xca,
  0x49, 0x12, 0xf6, 0xc3, 0x80, 0x04, 0x7e, 0xff, 0x7f, 0xff, 0xe5, 0x63, 0x12,
  0xa7, 0xdf, 0x12, 0xd4, 0x4b, 0xc3, 0x74, 0xff, 0x95, 0x6c, 0xff, 0x74, 0xff,
  0x95, 0x6b, 0xfe, 0xe5, 0x63, 0x12, 0xa6, 0xdb, 0x12, 0xf6, 0x6e, 0x50, 0x0a,
  0xe5, 0x6c, 0x2d, 0xff, 0xe5, 0x6b, 0x3c, 0xfe, 0x80, 0x04, 0x7e, 0xff, 0x7f,
  0xff, 0xe5, 0x63, 0x12, 0xa6, 0xdb, 0x12, 0xd4, 0x4b, 0x12, 0xf7, 0x30, 0xfb,
  0xc3, 0x74, 0xff, 0x9b, 0xff, 0x74, 0xff, 0x9e, 0xfe, 0x74, 0xff, 0x94, 0x00,
  0xfd, 0x74, 0xff, 0x94, 0x00, 0xfc, 0x90, 0xb7, 0x81, 0x12, 0xaf, 0x81, 0x50,
  0x12, 0x12, 0xf7, 0x30, 0xff, 0xe4, 0xfc, 0xfd, 0x90, 0xb7, 0x81, 0x12, 0x86,
  0x49, 0x12, 0x86, 0x06, 0x80, 0x06, 0x74, 0xff, 0xff, 0xfe, 0xfd, 0xfc, 0x90,
  0xb7, 0x81, 0x12, 0x04, 0xe0, 0x12, 0xee, 0xa8, 0xe0, 0xc3, 0x94, 0x05, 0x40,
  0x03, 0x02, 0xec, 0x6f, 0x75, 0xf0, 0x12, 0xe5, 0x63, 0x12, 0x97, 0xc6, 0xff,
  0xe5, 0x66, 0xd3, 0x9f, 0x40, 0x11, 0x8f, 0x66, 0xe5, 0x65, 0x60, 0x07, 0xe5,
  0x66, 0x44, 0x80, 0xff, 0x80, 0x02, 0xaf, 0x66, 0x8f, 0x64, 0x85, 0x66, 0x67,
  0xe5, 0x67, 0x90, 0x81, 0x47, 0x93, 0xff, 0xe5, 0x6d, 0xd3, 0x9f, 0x40, 0x07,
  0x12, 0xef, 0x60, 0x60, 0x02, 0x80, 0x5e, 0xd3, 0xe5, 0x6c, 0x94, 0x05, 0xe5,
  0x6b, 0x94, 0x00, 0x40, 0x02, 0xc1, 0x92, 0x12, 0xef, 0x60, 0x70, 0x02, 0xc1,
  0x92, 0x12, 0xef, 0x59, 0x12, 0xf6, 0x40, 0x25, 0x6d, 0xff, 0xe4, 0x12, 0xf5,
  0xd6, 0xfe, 0x12, 0xf6, 0x8e, 0x2f, 0xfd, 0xee, 0x35, 0xf0, 0xfc, 0xe5, 0x6b,
  0xc3, 0x13, 0xfe, 0xe5, 0x6c, 0x13, 0xff, 0xd3, 0xed, 0x9f, 0xec, 0x9e, 0x40,
  0x28, 0x12, 0xf6, 0x23, 0x2f, 0xff, 0xe5, 0xf0, 0x3e, 0xfe, 0x90, 0x00, 0x04,
  0x12, 0xf5, 0xdc, 0x90, 0xcc, 0x80, 0xf0, 0xa3, 0x12, 0x98, 0xe9, 0x7b, 0x01,
  0xfa, 0x12, 0xc7, 0x44, 0x12, 0x97, 0x92, 0x54, 0x3f, 0xf0, 0xe4, 0xfb, 0x02,
  0xeb, 0x8e, 0x12, 0xef, 0x59, 0x12, 0x03, 0x49, 0x65, 0x6c, 0x70, 0x04, 0xe5,
  0xf0, 0x65, 0x6b, 0x70, 0x51, 0x12, 0x97, 0x92, 0x12, 0xbf, 0xc0, 0xfe, 0xef,
  0x54, 0x3f, 0xff, 0xee, 0x04, 0x54, 0x03, 0xfe, 0xc4, 0x33, 0x33, 0x54, 0xc0,
  0x4f, 0xf0, 0x12, 0x97, 0x92, 0xc4, 0x13, 0x13, 0x54, 0x03, 0xff, 0xc3, 0x94,
  0x02, 0x50, 0x03, 0x02, 0xee, 0x79, 0x12, 0xc7, 0x6e, 0x12, 0xf6, 0x23, 0x2f,
  0xff, 0xe5, 0xf0, 0x3e, 0xfe, 0x90, 0x00, 0x04, 0x12, 0xf5, 0xdc, 0x90, 0xcc,
  0x80, 0xf0, 0xa3, 0xef, 0xf0, 0x7b, 0x02, 0x7a, 0x00, 0x12, 0xc7, 0x44, 0xe4,
  0xfd, 0xaf, 0x63, 0x12, 0x96, 0x49, 0x80, 0x00, 0x12, 0x97, 0x92, 0x54, 0x3f,
  0xf0, 0x02, 0xee, 0x79, 0xe4, 0x90, 0xca, 0x44, 0xf0, 0x12, 0xf5, 0xb5, 0x4f,
  0x70, 0x02, 0xe1, 0x29, 0xe4, 0x90, 0xca, 0x43, 0xf0, 0x90, 0xca, 0x43, 0xe0,
  0xff, 0xc3, 0x94, 0x03, 0x50, 0x1f, 0x12, 0xef, 0x59, 0x75, 0xf0, 0x02, 0xef,
  0x12, 0xef, 0x6e, 0x12, 0x03, 0x74, 0x45, 0xf0, 0x70, 0x0e, 0x90, 0xca, 0x44,
  0xe0, 0x04, 0xf0, 0x90, 0xca, 0x43, 0xe0, 0x04, 0xf0, 0x80, 0xd7, 0x90, 0xca,
  0x44, 0xe0, 0x60, 0x56, 0xe4, 0x90, 0xca, 0x43, 0xf0, 0x90, 0xca, 0x43, 0xe0,
  0xff, 0xc3, 0x94, 0x04, 0x50, 0x47, 0xa3, 0xe0, 0xfe, 0xc3, 0x74, 0x04, 0x9e,
  0xfd, 0xef, 0xc3, 0x9d, 0x50, 0x26, 0xee, 0xff, 0x90, 0xca, 0x43, 0xe0, 0x2f,
  0xff, 0xe4, 0x33, 0xfe, 0xef, 0x25, 0xe0, 0xff, 0xee, 0x33, 0x12, 0xef, 0x59,
  0x8f, 0x82, 0xf5, 0x83, 0x12, 0x03, 0x74, 0xff, 0xae, 0xf0, 0x12, 0xef, 0x67,
  0xee, 0x8f, 0xf0, 0x80, 0x09, 0x12, 0xef, 0x59, 0x12, 0xef, 0x67, 0xe4, 0xf5,
  0xf0, 0x12, 0x85, 0xd9, 0x90, 0xca, 0x43, 0xe0, 0x04, 0xf0, 0x80, 0xaf, 0x12,
  0xef, 0x59, 0x12, 0x03, 0x49, 0xff, 0xae, 0xf0, 0x4e, 0x60, 0x1c, 0x90, 0x00,
  0x02, 0x12, 0x03, 0x74, 0x45, 0xf0, 0x70, 0x12, 0x12, 0xf6, 0x8e, 0x45, 0xf0,
  0x60, 0x0b, 0x90, 0x00, 0x04, 0xe4, 0xf5, 0xf0, 0x12, 0x85, 0xd9, 0x80, 0x34,
  0xef, 0x4e, 0x60, 0x18, 0x90, 0x00, 0x02, 0x12, 0x03, 0x74, 0x45, 0xf0, 0x70,
  0x0e, 0x12, 0xf6, 0x8e, 0x45, 0xf0, 0x70, 0x07, 0x12, 0xf6, 0xb0, 0x45, 0xf0,
  0x70, 0x18, 0x90, 0x00, 0x02, 0x12, 0x03, 0x74, 0x45, 0xf0, 0x60, 0x17, 0x12,
  0xf6, 0x8e, 0x45, 0xf0, 0x70, 0x10, 0x12, 0xf6, 0xb0, 0x45, 0xf0, 0x60, 0x09,
  0x90, 0x00, 0x06, 0xe4, 0xf5, 0xf0, 0x12, 0x85, 0xd9, 0x12, 0xef, 0x59, 0x12,
  0xf5, 0xe5, 0x12, 0xc6, 0x71, 0x12, 0xf5, 0xb5, 0xfe, 0x12, 0xdf, 0xcd, 0x90,
  0x00, 0x02, 0x12, 0x03, 0x74, 0x2f, 0xfd, 0xee, 0x35, 0xf0, 0xfc, 0x12, 0xf6,
  0x8e, 0x12, 0xf7, 0x20, 0xed, 0x2f, 0xfd, 0xec, 0x3e, 0xfc, 0x12, 0xf6, 0xb0,
  0xfb, 0xaa, 0xf0, 0x25, 0xe0, 0xff, 0xea, 0x33, 0xfe, 0xed, 0x2f, 0xff, 0xec,
  0x3e, 0xcf, 0x2b, 0xfd, 0xef, 0x3a, 0xfc, 0xab, 0x68, 0xaa, 0x69, 0x12, 0xf6,
  0x40, 0xae, 0xf0, 0x78, 0x02, 0xc3, 0x33, 0xce, 0x33, 0xce, 0xd8, 0xf9, 0x2d,
  0xff, 0xec, 0x3e, 0x90, 0xca, 0x36, 0xf0, 0xa3, 0xef, 0xf0, 0xe4, 0x90, 0xca,
  0x32, 0xf0, 0xa3, 0xf0, 0xa3, 0xe0, 0xfe, 0xa3, 0xe0, 0xff, 0x4e, 0x60, 0x17,
  0xa3, 0xe0, 0xfc, 0xa3, 0xe0, 0xfd, 0x12, 0xe1, 0xcc, 0x90, 0xca, 0x32, 0xef,
  0xd1, 0xa1, 0x90, 0xb8, 0x16, 0x12, 0x86, 0x55, 0xef, 0xf0, 0xc3, 0xe5, 0x6c,
  0x95, 0x6d, 0xfd, 0xe5, 0x6b, 0x94, 0x00, 0xfc, 0x4d, 0x60, 0x0b, 0x12, 0xdf,
  0xe7, 0x12, 0xe1, 0xcc, 0x90, 0xca, 0x33, 0xef, 0xf0, 0xe5, 0x67, 0x90, 0x81,
  0x0f, 0x93, 0xf5, 0x6e, 0xe5, 0x67, 0x90, 0x80, 0xd7, 0x93, 0xf5, 0x6f, 0x12,
  0xc7, 0x9a, 0xd1, 0xfb, 0xc3, 0x9f, 0x40, 0x18, 0xee, 0x9f, 0xd1, 0xe5, 0xe0,
  0xff, 0x54, 0x0f, 0x25, 0xe0, 0x44, 0x01, 0x54, 0x0f, 0xfe, 0xd1, 0xe9, 0xef,
  0x54, 0xf0, 0x4e, 0xf0, 0x80, 0x23, 0x12, 0xc7, 0x9a, 0xd1, 0xfb, 0xc3, 0xef,
  0x9e, 0xd1, 0xe5, 0xe0, 0xff, 0x7e, 0x01, 0x54, 0x0f, 0xfd, 0xef, 0x54, 0xf0,
  0xff, 0xed, 0x78, 0x01, 0x08, 0x80, 0x02, 0xc3, 0x33, 0xd8, 0xfc, 0x54, 0x0f,
  0x4f, 0xf0, 0xd1, 0xe9, 0xe0, 0x54, 0x0f, 0x12, 0x97, 0xd5, 0x90, 0xca, 0x32,
  0x12, 0xc6, 0x1c, 0x90, 0xca, 0x33, 0xe0, 0xff, 0x12, 0x97, 0xe1, 0xef, 0xf0,
  0x90, 0xca, 0x38, 0x12, 0xc7, 0x6c, 0x7b, 0x03, 0x12, 0xc7, 0x92, 0xe0, 0xff,
  0x90, 0xca, 0x3a, 0xe4, 0x12, 0xdf, 0xd5, 0xf9, 0xfd, 0x7c, 0x00, 0x90, 0xca,
  0x3a, 0xe0, 0xfa, 0xa3, 0xe0, 0xfb, 0xae, 0x02, 0x78, 0x03, 0xc3, 0x33, 0xce,
  0x33, 0xce, 0xd8, 0xf9, 0x2d, 0xff, 0xee, 0x3c, 0xcf, 0xc3, 0x9b, 0xcf, 0x9a,
  0x90, 0xca, 0x3a, 0xf0, 0xa3, 0xef, 0xf0, 0x54, 0x07, 0x60, 0x16, 0x12, 0xc7,
  0x9a, 0xe0, 0xff, 0xe9, 0xd3, 0x9f, 0x40, 0x0c, 0xf1, 0x1f, 0xce, 0xc3, 0x13,
  0xce, 0x13, 0xd8, 0xf9, 0x04, 0x80, 0x09, 0xf1, 0x1f, 0xce, 0xc3, 0x13, 0xce,
  0x13, 0xd8, 0xf9, 0xff, 0x12, 0xc7, 0x9a, 0xef, 0xf0, 0x12, 0xc7, 0x9a, 0xe0,
  0xc3, 0x94, 0x64, 0x40, 0x06, 0x12, 0xc7, 0x9a, 0x74, 0x64, 0xf0, 0xf1, 0x34,
  0xe0, 0x90, 0xca, 0x40, 0xf0, 0x90, 0xca, 0x39, 0x74, 0x01, 0xf0, 0x90, 0xca,
  0x38, 0xe0, 0xd3, 0x94, 0x0e, 0x40, 0x03, 0x74, 0x0e, 0xf0, 0x90, 0xca, 0x38,
  0xe0, 0x90, 0x80, 0xc8, 0x93, 0xff, 0xd3, 0x94, 0x0a, 0x40, 0x10, 0xd1, 0xe9,
  0xe0, 0x54, 0x03, 0xfe, 0x60, 0x03, 0xbe, 0x03, 0x05, 0xe4, 0x90, 0xca, 0x39,
  0xf0, 0x90, 0xca, 0x39, 0xe0, 0x60, 0x1a, 0x90, 0xca, 0x40, 0xe0, 0x2f, 0xf0,
  0xe0, 0xff, 0xc3, 0x94, 0x0a, 0x40, 0x06, 0xef, 0x24, 0xf6, 0xff, 0x80, 0x02,
  0x7f, 0x00, 0x90, 0xca, 0x40, 0xef, 0xf0, 0x90, 0xca, 0x40, 0xe0, 0xc3, 0x94,
  0x19, 0x40, 0x03, 0x74, 0x19, 0xf0, 0x90, 0xca, 0x40, 0xe0, 0xff, 0xf1, 0x34,
  0xef, 0xf0, 0x90, 0xca, 0x3c, 0xef, 0xf0, 0xd3, 0x94, 0x0a, 0x40, 0x08, 0x90,
  0xca, 0x41, 0x74, 0x02, 0xf0, 0x80, 0x1f, 0xef, 0xd3, 0x94, 0x05, 0x40, 0x08,
  0x90, 0xca, 0x41, 0x74, 0x03, 0xf0, 0x80, 0x11, 0xef, 0xd3, 0x94, 0x02, 0x90,
  0xca, 0x41, 0x40, 0x05, 0x74, 0x04, 0xf0, 0x80, 0x03, 0x74, 0x05, 0xf0, 0x12,
  0xc7, 0x9a, 0xe0, 0xff, 0xc3, 0x94, 0x5a, 0x50, 0x1b, 0xc3, 0x74, 0x5a, 0x9f,
  0xff, 0x90, 0xca, 0x41, 0xe0, 0xfe, 0xef, 0xa8, 0x06, 0x08, 0x80, 0x02, 0xc3,
  0x13, 0xd8, 0xfc, 0xff, 0x90, 0xca, 0x3c, 0xe0, 0x2f, 0xf0, 0x90, 0xca, 0x3c,
  0xe0, 0xc3, 0x94, 0x28, 0x40, 0x03, 0x74, 0x28, 0xf0, 0xe5, 0x65, 0x60, 0x0a,
  0xe5, 0x67, 0x90, 0x80, 0xf3, 0x93, 0xf5, 0x6f, 0x80, 0x45, 0x75, 0xf0, 0x12,
  0xe5, 0x63, 0x12, 0x93, 0x5e, 0xe0, 0x54, 0x03, 0x64, 0x01, 0x70, 0x36, 0xe5,
  0x66, 0xc3, 0x94, 0x0d, 0x40, 0x2f, 0x12, 0x97, 0x92, 0xc4, 0x13, 0x54, 0x07,
  0x30, 0xe0, 0x25, 0xf1, 0x17, 0x50, 0x21, 0x74, 0x08, 0x25, 0x6f, 0xf5, 0x6f,
  0x12, 0x97, 0xf2, 0x04, 0xf0, 0x7e, 0x00, 0xa3, 0x14, 0xf0, 0xa3, 0xe5, 0x6f,
  0xf0, 0xe4, 0x12, 0xc4, 0x34, 0xfb, 0xfa, 0x7d, 0x01, 0x7f, 0xff, 0x12, 0xc6,
  0x79, 0xf1, 0x17, 0x50, 0x0f, 0x90, 0xca, 0x33, 0xe0, 0xff, 0xc3, 0x74, 0x64,
  0x9f, 0xc3, 0x13, 0x90, 0xca, 0x3f, 0xf0, 0x90, 0xca, 0x3f, 0xe0, 0xfd, 0x25,
  0x6f, 0x24, 0xfd, 0x90, 0xca, 0x3d, 0xf0, 0xe5, 0x6e, 0x2d, 0xa3, 0xd1, 0xa1,
  0x12, 0x87, 0xf7, 0xe0, 0xfe, 0x54, 0x3f, 0x90, 0xca, 0x42, 0xf0, 0xee, 0x30,
  0xe7, 0x0b, 0xe0, 0xff, 0x90, 0xca, 0x3d, 0xe0, 0x2f, 0xf0, 0xa3, 0x80, 0x0a,
  0x90, 0xca, 0x42, 0xe0, 0xff, 0x60, 0x06, 0x90, 0xca, 0x3c, 0xe0, 0x2f, 0xf0,
  0x90, 0xca, 0x3c, 0xe0, 0xff, 0xa3, 0xe0, 0xfe, 0xd3, 0x9f, 0x40, 0x05, 0xee,
  0x9f, 0xff, 0x80, 0x02, 0x7f, 0x00, 0x90, 0xca, 0x3d, 0xef, 0xf0, 0x90, 0xca,
  0x3c, 0xe0, 0xff, 0x90, 0xca, 0x3e, 0xe0, 0xfe, 0xd3, 0x9f, 0x40, 0x05, 0xee,
  0x9f, 0xff, 0x80, 0x02, 0x7f, 0x00, 0x90, 0xca, 0x3e, 0xef, 0xf0, 0x90, 0xca,
  0x3d, 0xe0, 0xff, 0xd3, 0x94, 0x0a, 0x40, 0x02, 0x80, 0x02, 0x7f, 0x0a, 0x90,
  0xca, 0x3d, 0xef, 0xf0, 0xa3, 0xe0, 0xff, 0xd3, 0x94, 0x23, 0x40, 0x02, 0x80,
  0x02, 0x7f, 0x23, 0x90, 0xca, 0x3e, 0xef, 0xd1, 0xa1, 0x12, 0x87, 0xf7, 0xe0,
  0x54, 0x80, 0xfe, 0x12, 0x8f, 0xd8, 0xfd, 0x12, 0x97, 0xf2, 0xed, 0xf0, 0x90,
  0xca, 0x42, 0x12, 0x97, 0xdf, 0xed, 0xf0, 0x90, 0xca, 0x3d, 0xe0, 0xfd, 0x90,
  0xcc, 0x80, 0x12, 0xc7, 0x24, 0x7b, 0x04, 0x12, 0xc7, 0x92, 0x12, 0xc6, 0x1c,
  0x90, 0xca, 0x40, 0xe0, 0xff, 0x12, 0x97, 0xe1, 0xef, 0xf0, 0x90, 0xca, 0x3c,
  0x12, 0x97, 0xd4, 0x90, 0xca, 0x3f, 0x12, 0xc7, 0x6c, 0x7b, 0x05, 0x7a, 0x00,
  0x7d, 0x04, 0x7f, 0x01, 0x12, 0xc6, 0x79, 0xf1, 0x60, 0x70, 0x33, 0xa3, 0xe0,
  0x65, 0x63, 0x70, 0x2d, 0x90, 0x04, 0xa2, 0xe0, 0xf5, 0x64, 0xa3, 0xe0, 0xff,
  0x75, 0xf0, 0x18, 0xe5, 0x63, 0x12, 0x97, 0xec, 0xe5, 0x64, 0xd1, 0xf4, 0x12,
  0x90, 0x39, 0xe0, 0x54, 0xfc, 0xfe, 0xef, 0x54, 0x03, 0x4e, 0xff, 0x75, 0xf0,
  0x18, 0xe5, 0x63, 0x12, 0x90, 0x39, 0xef, 0xf0, 0xc1, 0x9b, 0x90, 0xca, 0x3d,
  0xd1, 0xfb, 0xd3, 0x9f, 0x50, 0x3d, 0xd1, 0xc0, 0xe4, 0xf0, 0x90, 0xca, 0x33,
  0xe0, 0xc3, 0x94, 0x50, 0x40, 0x0a, 0x90, 0xca, 0x3c, 0xe0, 0x94, 0x14, 0x40,
  0x02, 0xc1, 0x79, 0x75, 0xf0, 0x12, 0xe5, 0x63, 0xf1, 0x03, 0xe4, 0xf0, 0xee,
  0xfd, 0x90, 0xcc, 0x7c, 0x12, 0xc7, 0x24, 0xe4, 0x12, 0xc4, 0x34, 0x7b, 0x02,
  0xfa, 0x12, 0xc7, 0x30, 0x7b, 0x01, 0x7d, 0x01, 0xaf, 0x63, 0x12, 0x93, 0x64,
  0xc1, 0x79, 0x90, 0xca, 0x3e, 0xe0, 0xf9, 0x90, 0xca, 0x32, 0xe0, 0xc3, 0x99,
  0x50, 0x08, 0xd1, 0xc0, 0xe0, 0xc3, 0x94, 0x1e, 0x40, 0x6b, 0xd1, 0xb3, 0xff,
  0x75, 0xf0, 0x12, 0xe5, 0x63, 0x12, 0x92, 0x47, 0xc4, 0x54, 0x0f, 0xfd, 0x90,
  0xcc, 0x82, 0xe4, 0xf0, 0xa3, 0xed, 0xf0, 0x12, 0x97, 0xd6, 0x90, 0xca, 0x32,
  0x12, 0xc6, 0x1c, 0xe9, 0xff, 0x12, 0xc7, 0x29, 0x7b, 0x01, 0x7a, 0x00, 0x12,
  0xc7, 0x30, 0xf1, 0x29, 0xe0, 0xff, 0x12, 0x87, 0xed, 0xe0, 0xfe, 0xc3, 0x9f,
  0x40, 0x05, 0xee, 0x9f, 0xff, 0x80, 0x0b, 0x12, 0x87, 0xed, 0xe0, 0xff, 0xf1,
  0x29, 0xe0, 0xc3, 0x9f, 0xff, 0xef, 0xd3, 0x94, 0x04, 0x50, 0x04, 0xd1, 0xb3,
  0x70, 0x12, 0xd1, 0xc0, 0xe4, 0xd1, 0xa1, 0xf1, 0x03, 0xe4, 0xf0, 0x7d, 0x01,
  0xaf, 0x63, 0x12, 0x96, 0x49, 0xc1, 0x79, 0xd1, 0xb3, 0x14, 0xf0, 0xc1, 0x79,
  0xd1, 0xb3, 0xff, 0xc3, 0x94, 0x02, 0x40, 0x07, 0xd1, 0xb3, 0x24, 0xfe, 0xf0,
  0x80, 0x0a, 0xef, 0xd3, 0x94, 0x00, 0x40, 0x04, 0xd1, 0xb3, 0x14, 0xf0, 0xd1,
  0xc0, 0xe0, 0x04, 0xd1, 0xa1, 0x12, 0x93, 0x5e, 0xe0, 0x54, 0xcf, 0xd1, 0xa1,
  0x12, 0x92, 0x47, 0x54, 0xf0, 0xd1, 0xa1, 0x12, 0x92, 0x47, 0x54, 0x0f, 0xf0,
  0xd1, 0xc0, 0x12, 0xc7, 0x6c, 0x90, 0xca, 0x32, 0x12, 0xc6, 0x1c, 0x90, 0xca,
  0x3e, 0xe0, 0xff, 0x12, 0x97, 0xe1, 0xef, 0xf0, 0x90, 0xca, 0x3d, 0x12, 0x97,
  0xd4, 0x7b, 0x03, 0x7a, 0x00, 0x12, 0xc7, 0x30, 0xc1, 0x79, 0xd1, 0xa8, 0xe0,
  0x64, 0x05, 0x60, 0x02, 0xa1, 0x56, 0xf1, 0x10, 0xef, 0x54, 0x01, 0xff, 0xef,
  0x64, 0x01, 0x70, 0x1e, 0xd1, 0xa8, 0xd1, 0xd7, 0xe4, 0xf0, 0xf1, 0x10, 0xe4,
  0xff, 0xe4, 0xfd, 0xfc, 0x78, 0x08, 0x12, 0x04, 0x86, 0x90, 0xca, 0x4f, 0xef,
  0xf0, 0xfd, 0xaf, 0x63, 0xf1, 0x4c, 0xc1, 0x8d, 0xad, 0x66, 0xaf, 0x63, 0xf1,
  0x8b, 0x90, 0xca, 0x50, 0xef, 0xd1, 0xf4, 0x12, 0x97, 0xa4, 0xe0, 0x54, 0x07,
  0x90, 0xca, 0x4f, 0x12, 0x87, 0xec, 0xe0, 0xff, 0xc3, 0x94, 0x30, 0x40, 0x23,
  0x75, 0xf0, 0x12, 0xe5, 0x63, 0x12, 0x95, 0x1e, 0xfe, 0xc4, 0x13, 0x13, 0x54,
  0x03, 0x20, 0xe0, 0x12, 0x75, 0xf0, 0x12, 0xe5, 0x63, 0x12, 0x87, 0xe7, 0xe0,
  0x20, 0xe0, 0x06, 0x90, 0xca, 0x50, 0xe0, 0x70, 0x0d, 0xe4, 0x90, 0xca, 0x4f,
  0xf0, 0xd1, 0xa8, 0xd1, 0xd7, 0xe4, 0xf0, 0x80, 0x5e, 0xf1, 0x40, 0xe0, 0xfe,
  0x24, 0x05, 0xfd, 0xe4, 0x33, 0xfc, 0xef, 0x12, 0xd6, 0xbd, 0x50, 0x1f, 0x12,
  0x87, 0xed, 0xe0, 0x24, 0x05, 0xfd, 0xe4, 0x33, 0xfc, 0xee, 0x12, 0xd6, 0xbd,
  0x50, 0x0f, 0x12, 0xa7, 0xce, 0xe0, 0xb5, 0x66, 0x08, 0xd1, 0xd9, 0xe0, 0xc3,
  0x94, 0x0a, 0x40, 0x28, 0x90, 0xca, 0x4f, 0xe0, 0xff, 0x70, 0x04, 0x04, 0xf0,
  0x80, 0x0f, 0xef, 0x90, 0xca, 0x4f, 0xb4, 0x01, 0x05, 0x74, 0x03, 0xf0, 0x80,
  0x03, 0x74, 0x05, 0xf0, 0xd1, 0xd9, 0xe4, 0x12, 0x87, 0xec, 0xe0, 0xff, 0xf1,
  0x40, 0xef, 0xf0, 0x80, 0x07, 0xd1, 0xa8, 0xd1, 0xd7, 0xe0, 0x04, 0xf0, 0x12,
  0xa7, 0xce, 0xe5, 0x66, 0xf0, 0xc1, 0x70, 0xd1, 0xa8, 0xe0, 0x64, 0x06, 0x60,
  0x02, 0xc1, 0x79, 0x90, 0xca, 0x4b, 0xf0, 0xa3, 0xd1, 0xf4, 0x12, 0x97, 0xa4,
  0xe0, 0x54, 0x07, 0x90, 0xca, 0x4f, 0xf0, 0xaf, 0x6c, 0xae, 0x6b, 0xf1, 0x75,
  0x90, 0xca, 0x4d, 0xef, 0xf0, 0xe0, 0xff, 0xe5, 0x6c, 0xae, 0x6b, 0xa8, 0x07,
  0x08, 0x80, 0x05, 0xce, 0xc3, 0x13, 0xce, 0x13, 0xd8, 0xf9, 0xff, 0x90, 0x82,
  0x22, 0xe4, 0xf1, 0x09, 0x90, 0xca, 0x51, 0xee, 0xf0, 0xa3, 0xef, 0xf0, 0xe4,
  0x90, 0xca, 0x4e, 0xf0, 0xf1, 0x59, 0x90, 0xca, 0x4e, 0xe0, 0xfd, 0xf1, 0x6b,
  0x12, 0x03, 0x74, 0xff, 0xae, 0xf0, 0x90, 0xca, 0x4d, 0xe0, 0xfc, 0xef, 0xa8,
  0x04, 0x08, 0x80, 0x05, 0xce, 0xc3, 0x13, 0xce, 0x13, 0xd8, 0xf9, 0xff, 0xed,
  0x90, 0x82, 0x1d, 0xf1, 0x09, 0x90, 0xca, 0x4b, 0x12, 0xdf, 0x54, 0x90, 0xca,
  0x51, 0xe0, 0xfe, 0xa3, 0xe0, 0xff, 0xd3, 0x90, 0xca, 0x4c, 0xe0, 0x9f, 0x90,
  0xca, 0x4b, 0xe0, 0x9e, 0x50, 0x0a, 0x90, 0xca, 0x4e, 0xe0, 0x04, 0xf0, 0xe0,
  0xb4, 0x05, 0xb3, 0x90, 0xca, 0x4e, 0xe0, 0xc3, 0x13, 0xf0, 0xfd, 0xa3, 0xe0,
  0x24, 0x01, 0xff, 0xe4, 0x33, 0xa2, 0xe7, 0x13, 0xef, 0x13, 0x90, 0xca, 0x53,
  0xf0, 0xd3, 0x9d, 0x40, 0x0b, 0xe0, 0xff, 0x90, 0xca, 0x4e, 0xe0, 0xfe, 0xef,
  0x9e, 0x80, 0x01, 0xe4, 0x90, 0xca, 0x53, 0xf0, 0xd1, 0xcb, 0xe0, 0xc3, 0x13,
  0xff, 0x90, 0xca, 0x53, 0xe0, 0xc4, 0x33, 0x54, 0xe0, 0x2f, 0xff, 0xd1, 0xcb,
  0xef, 0xf0, 0xd1, 0xcb, 0xe0, 0xc3, 0x94, 0xc0, 0x40, 0x05, 0xd1, 0xcb, 0x74,
  0xc0, 0xf0, 0xd1, 0xcb, 0xe0, 0x24, 0x1f, 0xff, 0xe4, 0x33, 0xfe, 0xef, 0x78,
  0x06, 0xce, 0xa2, 0xe7, 0x13, 0xce, 0x13, 0xd8, 0xf8, 0x90, 0xca, 0x53, 0xf0,
  0xe0, 0x25, 0xe0, 0xf0, 0x70, 0x03, 0xff, 0x80, 0x06, 0x90, 0xca, 0x53, 0xe0,
  0x14, 0xff, 0x90, 0xca, 0x4f, 0xef, 0xf0, 0xe5, 0x6d, 0xd3, 0x94, 0x03, 0x40,
  0x02, 0xe4, 0xf0, 0x90, 0xca, 0x4f, 0xe0, 0xfd, 0xaf, 0x63, 0xf1, 0x4c, 0xd1,
  0xa8, 0xe0, 0xff, 0xd3, 0x94, 0x05, 0x50, 0x05, 0xef, 0x04, 0xff, 0x80, 0x02,
  0x7f, 0x00, 0xd1, 0xa8, 0xef, 0xf0, 0xe4, 0x90, 0xca, 0x4b, 0xf0, 0xa3, 0xf0,
  0x7d, 0x01, 0xaf, 0x63, 0x12, 0xa7, 0x65, 0x05, 0x63, 0x02, 0xe3, 0x20, 0x22,
  0xf0, 0x75, 0xf0, 0x12, 0xe5, 0x63, 0x22, 0x75, 0xf0, 0x12, 0xe5, 0x63, 0x90,
  0xb8, 0x13, 0x02, 0x86, 0x55, 0x75, 0xf0, 0x12, 0xe5, 0x63, 0x90, 0xb8, 0x0f,
  0x12, 0x86, 0x55, 0xe0, 0x22, 0x75, 0xf0, 0x12, 0xe5, 0x63, 0x90, 0xb8, 0x14,
  0x02, 0x86, 0x55, 0x74, 0x01, 0x25, 0x63, 0xf5, 0x82, 0xe4, 0x34, 0xb6, 0xf5,
  0x83, 0x22, 0xe4, 0xf0, 0x74, 0x85, 0x25, 0x63, 0xf5, 0x82, 0xe4, 0x34, 0xc1,
  0xf5, 0x83, 0x22, 0x90, 0xca, 0x38, 0xf0, 0x75, 0xf0, 0x12, 0xe5, 0x63, 0x90,
  0xb8, 0x0e, 0x02, 0x86, 0x55, 0xf0, 0x75, 0xf0, 0x18, 0xe5, 0x63, 0x22, 0xe0,
  0xff, 0x90, 0xca, 0x32, 0xe0, 0xfe, 0x22, 0x90, 0xb8, 0x0f, 0x02, 0x86, 0x55,
  0x93, 0xfd, 0x7c, 0x00, 0x02, 0x02, 0x80, 0x7f, 0xc0, 0x7e, 0x0c, 0x02, 0x59,
  0x89, 0x90, 0xca, 0x40, 0xe0, 0xd3, 0x94, 0x02, 0x22, 0x90, 0xca, 0x3a, 0xe0,
  0xfe, 0xa3, 0xe0, 0x78, 0x03, 0x22, 0x75, 0xf0, 0x12, 0xe5, 0x63, 0x90, 0xb8,
  0x10, 0x02, 0x86, 0x55, 0x74, 0x89, 0x25, 0x67, 0xf5, 0x82, 0xe4, 0x34, 0xc6,
  0xf5, 0x83, 0x22, 0x74, 0x01, 0x25, 0x63, 0xf5, 0x82, 0xe4, 0x34, 0xb7, 0xf5,
  0x83, 0x22, 0x12, 0x97, 0xa0, 0xe0, 0x54, 0xf8, 0x4d, 0x12, 0x97, 0x9f, 0xee,
  0xf0, 0x22, 0xab, 0x68, 0xaa, 0x69, 0xa9, 0x6a, 0x22, 0x90, 0xca, 0x30, 0xe0,
  0x64, 0x01, 0x22, 0x90, 0xca, 0x43, 0xe0, 0x75, 0xf0, 0x02, 0xa4, 0xf5, 0x82,
  0x85, 0xf0, 0x83, 0x22, 0x12, 0xdf, 0xc5, 0x40, 0x03, 0x7f, 0x05, 0x22, 0xd3,
  0xef, 0x94, 0xc8, 0xee, 0x94, 0x00, 0x7f, 0x00, 0x40, 0x02, 0x7f, 0x02, 0x22,
  0xe4, 0xfe, 0x74, 0x85, 0x2f, 0x12, 0xa5, 0x8d, 0xe0, 0xfc, 0xb4, 0x03, 0x09,
  0xed, 0xc3, 0x94, 0x19, 0x40, 0x35, 0x0e, 0x80, 0x32, 0xec, 0xb4, 0x02, 0x0a,
  0xed, 0xc3, 0x94, 0x11, 0x40, 0x28, 0x7e, 0x01, 0x80, 0x24, 0x74, 0x85, 0x2f,
  0x12, 0xa5, 0x8d, 0xe0, 0xfc, 0xb4, 0x01, 0x0a, 0xed, 0xc3, 0x94, 0x0a, 0x40,
  0x13, 0x7e, 0x01, 0x80, 0x0f, 0xec, 0x70, 0x0a, 0xed, 0xc3, 0x94, 0x03, 0x40,
  0x06, 0x7e, 0x01, 0x80, 0x02, 0xe4, 0xfe, 0xaf, 0x06, 0x22, 0x12, 0x02, 0x06,
  0x54, 0x7f, 0x90, 0xc9, 0xad, 0x12, 0x87, 0x90, 0x54, 0x1f, 0xff, 0x90, 0xc9,
  0xad, 0xe0, 0xfe, 0x75, 0xf0, 0x12, 0x12, 0x97, 0x97, 0x54, 0xe0, 0x4f, 0x12,
  0x87, 0x90, 0xff, 0x54, 0x60, 0xc4, 0x13, 0x54, 0x07, 0x90, 0xc9, 0xae, 0xf0,
  0xef, 0x54, 0x80, 0x12, 0x8f, 0xd8, 0xc4, 0x33, 0x54, 0xe0, 0xff, 0x75, 0xf0,
  0x12, 0xee, 0x12, 0x97, 0x97, 0x54, 0xdf, 0x12, 0x87, 0xda, 0xff, 0x54, 0x03,
  0xfe, 0xef, 0x54, 0x08, 0x12, 0xa9, 0xf2, 0x12, 0x87, 0xdc, 0x54, 0x30, 0xc4,
  0x54, 0x03, 0xc4, 0x54, 0xf0, 0xfd, 0x90, 0xc9, 0xad, 0x12, 0x95, 0x1a, 0x54,
  0xcf, 0x4d, 0x12, 0x87, 0xdb, 0x54, 0x40, 0xc4, 0x13, 0x13, 0x12, 0xb6, 0x7e,
  0xfd, 0x90, 0xc9, 0xad, 0x12, 0x95, 0x1a, 0x54, 0xbf, 0x4d, 0x12, 0x87, 0xdb,
  0x54, 0x80, 0x12, 0x8f, 0xd8, 0xc4, 0x33, 0x33, 0x33, 0x54, 0x80, 0xfd, 0x90,
  0xc9, 0xad, 0x12, 0x95, 0x1a, 0x54, 0x7f, 0x4d, 0xf0, 0xee, 0x54, 0x03, 0xfd,
  0x90, 0xc9, 0xad, 0x12, 0x95, 0x1a, 0x54, 0xfc, 0x4d, 0xf0, 0xef, 0x70, 0x11,
  0xaf, 0x06, 0xef, 0x12, 0xc7, 0x36, 0xff, 0x90, 0xc9, 0xad, 0x12, 0x95, 0x1a,
  0x54, 0xf3, 0x4f, 0xf0, 0xe4, 0xff, 0xef, 0xf5, 0x82, 0x75, 0x83, 0x00, 0xa3,
  0xa3, 0xa3, 0x12, 0x02, 0x1f, 0xfe, 0x12, 0xa5, 0x95, 0x2f, 0x12, 0xa3, 0xb6,
  0xee, 0xf0, 0x0f, 0xef, 0xb4, 0x04, 0xe5, 0x90, 0xc9, 0xad, 0xe0, 0xff, 0x12,
  0xa3, 0xbe, 0x90, 0xc9, 0xae, 0xe0, 0x60, 0x4a, 0xb4, 0x01, 0x0f, 0x90, 0xc9,
  0xad, 0xe0, 0x75, 0xf0, 0x12, 0x12, 0x87, 0xf2, 0x74, 0x2e, 0xf0, 0x80, 0x28,
  0x90, 0xc9, 0xae, 0xe0, 0xff, 0xb4, 0x02, 0x0f, 0x90, 0xc9, 0xad, 0xe0, 0x75,
  0xf0, 0x12, 0x12, 0x87, 0xf2, 0x74, 0x1e, 0xf0, 0x80, 0x11, 0xef, 0xb4, 0x03,
  0x0d, 0x90, 0xc9, 0xad, 0xe0, 0x75, 0xf0, 0x12, 0x12, 0x87, 0xf2, 0x74, 0x0e,
  0xf0, 0x90, 0xc9, 0xad, 0xe0, 0xff, 0x75, 0xf0, 0x12, 0x12, 0x87, 0xf2, 0xe0,
  0xfd, 0x12, 0xc5, 0x81, 0x22, 0x22, 0x7d, 0x07, 0xef, 0x5d, 0xc3, 0x60, 0x0a,
  0x31, 0x12, 0x24, 0x08, 0xff, 0xe4, 0x3e, 0xfe, 0x80, 0x03, 0x31, 0x12, 0xff,
  0x22, 0x74, 0xff, 0x9d, 0xfd, 0x74, 0xff, 0x94, 0x00, 0x5e, 0xfe, 0xed, 0x5f,
  0x22, 0x90, 0xc6, 0xc4, 0xe0, 0x54, 0xfe, 0x12, 0x98, 0xea, 0x90, 0xc6, 0xcb,
  0xf0, 0xa3, 0xf0, 0xa3, 0xf0, 0x90, 0xc6, 0xcf, 0xf0, 0x90, 0xc6, 0xe7, 0xf0,
  0xa3, 0xf0, 0xa3, 0xf0, 0x22, 0xd3, 0x10, 0xaf, 0x01, 0xc3, 0xc0, 0xd0, 0x90,
  0xc6, 0xc4, 0xe0, 0xfe, 0xee, 0x54, 0xfe, 0xf0, 0x7d, 0x08, 0xe4, 0xff, 0x12,
  0x7c, 0xa9, 0xe4, 0x90, 0xc6, 0xd1, 0xf0, 0xa3, 0xf0, 0xd0, 0xd0, 0x92, 0xaf,
  0x22, 0x7e, 0x01, 0x7f, 0x78, 0x7d, 0x00, 0x7b, 0x01, 0x7a, 0xa5, 0x79, 0xf2,
  0x12, 0x05, 0x73, 0x90, 0xa5, 0xf6, 0x74, 0x02, 0xf0, 0x90, 0xa5, 0xfd, 0x14,
  0xf0, 0xa3, 0xf0, 0xa3, 0x74, 0x50, 0xf0, 0x90, 0xa6, 0x03, 0xe4, 0xf0, 0xa3,
  0x74, 0x02, 0xf0, 0x90, 0xa6, 0x0f, 0x74, 0x10, 0xf0, 0xa3, 0x74, 0x50, 0xf0,
  0x51, 0x33, 0x90, 0xa9, 0x08, 0x12, 0x8d, 0x9b, 0xe4, 0xfd, 0xff, 0x12, 0x05,
  0x71, 0x90, 0xa9, 0x08, 0x12, 0x8d, 0x9b, 0x7d, 0x0c, 0x7f, 0x02, 0x12, 0x05,
  0x71, 0x90, 0xa9, 0x08, 0x12, 0x8d, 0x9b, 0x12, 0xb7, 0x83, 0x90, 0xa4, 0x63,
  0xe0, 0xff, 0xb4, 0x01, 0x08, 0x90, 0xa6, 0x02, 0x74, 0xdd, 0xf0, 0x80, 0x18,
  0xef, 0xb4, 0x03, 0x0f, 0x90, 0xa6, 0x02, 0x74, 0x14, 0xf0, 0x90, 0x00, 0x10,
  0xe0, 0x44, 0x04, 0xf0, 0x80, 0x05, 0xe4, 0x90, 0xa6, 0x02, 0xf0, 0x90, 0x00,
  0x97, 0xe0, 0xc3, 0x13, 0x54, 0x0f, 0xff, 0xbf, 0x05, 0x06, 0x90, 0xa6, 0x14,
  0x74, 0x02, 0xf0, 0x90, 0xa7, 0x6a, 0x74, 0x02, 0xf0, 0xa3, 0x74, 0x0f, 0xf0,
  0xa3, 0xe0, 0x54, 0x01, 0x44, 0x28, 0xf0, 0xa3, 0x74, 0x07, 0xf0, 0x90, 0xa9,
  0x20, 0x12, 0x8d, 0x9b, 0x7f, 0x01, 0x12, 0x05, 0x71, 0x12, 0xaf, 0xe8, 0x7a,
  0xa7, 0x79, 0x71, 0x12, 0x05, 0x73, 0x90, 0x06, 0x04, 0xe0, 0x54, 0x7f, 0xf0,
  0x90, 0x06, 0x0a, 0xe0, 0x54, 0xf8, 0xf0, 0x90, 0x05, 0x22, 0xe4, 0xf0, 0x90,
  0xa7, 0x73, 0xf0, 0x22, 0x90, 0xa7, 0x63, 0x74, 0x18, 0xf0, 0xa3, 0xf0, 0xa3,
  0xe4, 0xf0, 0xa3, 0x74, 0x64, 0xf0, 0xa3, 0x74, 0x05, 0xf0, 0xa3, 0xf0, 0x22,
  0xd3, 0x10, 0xaf, 0x01, 0xc3, 0xc0, 0xd0, 0x90, 0xa7, 0x74, 0xe0, 0x30, 0xe0,
  0x10, 0x90, 0xa7, 0x7a, 0xe0, 0xc4, 0x13, 0x54, 0x07, 0x30, 0xe0, 0x12, 0x75,
  0x0e, 0x10, 0x80, 0x3f, 0x12, 0x78, 0x93, 0xef, 0x64, 0x01, 0x60, 0x05, 0x75,
  0x0e, 0x01, 0x80, 0x32, 0x90, 0xa5, 0xf2, 0x12, 0xb7, 0x8a, 0x30, 0xe0, 0x05,
  0x75, 0x0e, 0x02, 0x80, 0x24, 0x90, 0xa5, 0xf9, 0xe0, 0xd3, 0x94, 0x04, 0x40,
  0x05, 0x75, 0x0e, 0x08, 0x80, 0x16, 0x90, 0xc9, 0x8d, 0xe0, 0x30, 0xe0, 0x0b,
  0xc4, 0x54, 0x0f, 0x30, 0xe0, 0x05, 0x75, 0x0e, 0x11, 0x80, 0x04, 0x51, 0xb9,
  0x80, 0x0e, 0x90, 0x01, 0xb9, 0x74, 0x02, 0xf0, 0x90, 0x01, 0xb8, 0xe5, 0x0e,
  0xf0, 0x7f, 0x00, 0xd0, 0xd0, 0x92, 0xaf, 0x22, 0x90, 0x01, 0xb8, 0xe4, 0xf0,
  0x7f, 0x01, 0x22, 0xd3, 0x10, 0xaf, 0x01, 0xc3, 0xc0, 0xd0, 0x90, 0xa7, 0x74,
  0xe0, 0x30, 0xe0, 0x1e, 0x90, 0xa7, 0x86, 0xe0, 0x60, 0x05, 0x75, 0x0f, 0x40,
  0x61, 0x6a, 0x90, 0xa5, 0xf9, 0xe0, 0xd3, 0x94, 0x00, 0x40, 0x02, 0x80, 0x2d,
  0x90, 0xa7, 0x73, 0xe0, 0x60, 0x7b, 0x80, 0x55, 0x12, 0x78, 0x93, 0xef, 0x64,
  0x01, 0x60, 0x05, 0x75, 0x0f, 0x01, 0x80, 0x70, 0x90, 0xa5, 0xfb, 0xe0, 0xff,
  0x54, 0x03, 0x60, 0x05, 0x75, 0x0f, 0x02, 0x80, 0x62, 0x90, 0xa5, 0xf9, 0xe0,
  0xfe, 0xe4, 0xc3, 0x9e, 0x50, 0x05, 0x75, 0x0f, 0x04, 0x80, 0x53, 0xef, 0x30,
  0xe2, 0x05, 0x75, 0x0f, 0x08, 0x80, 0x4a, 0x90, 0xa5, 0xfb, 0xe0, 0x30, 0xe4,
  0x05, 0x75, 0x0f, 0x10, 0x80, 0x3e, 0x90, 0xa5, 0xf3, 0xe0, 0x13, 0x13, 0x54,
  0x3f, 0x20, 0xe0, 0x05, 0x75, 0x0f, 0x20, 0x80, 0x2e, 0x90, 0xa7, 0x73, 0xe0,
  0x60, 0x05, 0x75, 0x0f, 0x80, 0x80, 0x23, 0x90, 0x06, 0x62, 0xe0, 0x30, 0xe1,
  0x05, 0x75, 0x0f, 0x11, 0x80, 0x17, 0x90, 0x06, 0x62, 0xe0, 0x30, 0xe0, 0x0c,
  0xe0, 0x54, 0xfc, 0xff, 0xbf, 0x80, 0x05, 0x75, 0x0f, 0x12, 0x80, 0x04, 0x51,
  0xb9, 0x80, 0x0e, 0x90, 0x01, 0xb9, 0x74, 0x04, 0xf0, 0x90, 0x01, 0xb8, 0xe5,
  0x0f, 0xf0, 0x7f, 0x00, 0xd0, 0xd0, 0x92, 0xaf, 0x22, 0x71, 0xc2, 0x40, 0x40,
  0x90, 0xa6, 0x11, 0xe0, 0x04, 0xf0, 0x90, 0xa7, 0x68, 0xe0, 0xff, 0x90, 0xa6,
  0x11, 0xe0, 0xd3, 0x9f, 0x50, 0x2d, 0x90, 0xa6, 0x09, 0xe0, 0x04, 0xf0, 0x90,
  0xa6, 0x00, 0x12, 0xae, 0xbc, 0x33, 0x33, 0x33, 0x54, 0xf8, 0xff, 0x90, 0xa5,
  0xff, 0xe0, 0x2f, 0x90, 0xa6, 0x10, 0xf0, 0xfb, 0x90, 0xa6, 0x09, 0xe0, 0xff,
  0xa3, 0xe0, 0xfd, 0x90, 0xae, 0xe2, 0x74, 0x03, 0xf0, 0x12, 0x6e, 0x6e, 0x22,
  0x90, 0xa7, 0x6a, 0xe0, 0xff, 0x90, 0xa6, 0x00, 0xe0, 0xd3, 0x9f, 0x22, 0x90,
  0xc9, 0x8d, 0xe0, 0x30, 0xe0, 0x34, 0xc4, 0x13, 0x54, 0x07, 0x30, 0xe0, 0x2d,
  0x90, 0xcd, 0x74, 0xe0, 0x04, 0xf0, 0xe0, 0xd3, 0x94, 0xc8, 0x40, 0x21, 0x90,
  0xc9, 0x8d, 0xe0, 0x54, 0xdf, 0xf0, 0xe4, 0x90, 0xcd, 0x74, 0xf0, 0x90, 0xc9,
  0x8d, 0xe0, 0x13, 0x30, 0xe0, 0x0d, 0x90, 0xa5, 0xf2, 0xe0, 0x44, 0x01, 0xf0,
  0x90, 0xa6, 0x02, 0x74, 0xd0, 0xf0, 0x22, 0xd3, 0x10, 0xaf, 0x01, 0xc3, 0xc0,
  0xd0, 0x90, 0xa9, 0x06, 0x12, 0x8d, 0x9b, 0x7b, 0x2f, 0x91, 0x30, 0x12, 0x88,
  0xdd, 0x90, 0xa9, 0x08, 0x12, 0x8d, 0x9b, 0x7d, 0x08, 0x7f, 0x01, 0x12, 0x05,
  0x71, 0xd0, 0xd0, 0x92, 0xaf, 0x22, 0x7d, 0xff, 0x7f, 0xff, 0x12, 0x05, 0x71,
  0x90, 0xa9, 0x66, 0x22, 0xd3, 0x10, 0xaf, 0x01, 0xc3, 0xc0, 0xd0, 0x12, 0x88,
  0xda, 0x90, 0xa9, 0x06, 0x12, 0x8d, 0x9b, 0x12, 0xb9, 0x0c, 0x90, 0xa9, 0x08,
  0x12, 0x8d, 0x9b, 0x12, 0xb7, 0x83, 0xd0, 0xd0, 0x92, 0xaf, 0x22, 0xe4, 0xfe,
  0xef, 0x14, 0x60, 0x1e, 0x14, 0x60, 0x2f, 0x14, 0x60, 0x40, 0x24, 0x03, 0x70,
  0x4e, 0xed, 0x13, 0x13, 0x13, 0x54, 0x1f, 0x24, 0xd4, 0x91, 0xbd, 0x80, 0x02,
  0xc3, 0x33, 0xd8, 0xfc, 0x5f, 0xfe, 0x80, 0x3a, 0xed, 0x13, 0x13, 0x13, 0x54,
  0x1f, 0x24, 0x88, 0x91, 0xbd, 0x80, 0x02, 0xc3, 0x33, 0xd8, 0xfc, 0x5f, 0xfe,
  0x80, 0x26, 0xed, 0x13, 0x13, 0x13, 0x54, 0x1f, 0x24, 0xd0, 0x91, 0xbd, 0x80,
  0x02, 0xc3, 0x33, 0xd8, 0xfc, 0x5f, 0xfe, 0x80, 0x12, 0xed, 0x13, 0x13, 0x13,
  0x54, 0x1f, 0x24, 0x84, 0x91, 0xbd, 0x80, 0x02, 0xc3, 0x33, 0xd8, 0xfc, 0x5f,
  0xfe, 0xaf, 0x06, 0x22, 0xf5, 0x82, 0xe4, 0x34, 0x04, 0xf5, 0x83, 0xe0, 0xff,
  0xed, 0x54, 0x07, 0xfe, 0x74, 0x01, 0xa8, 0x06, 0x08, 0x22, 0x12, 0x88, 0xc6,
  0x8b, 0x1b, 0x8a, 0x1c, 0x89, 0x1d, 0x75, 0x1e, 0x02, 0x7b, 0x01, 0x7a, 0xc9,
  0x79, 0x8a, 0x12, 0x6b, 0x33, 0x90, 0xc9, 0x8a, 0xe0, 0x13, 0x13, 0x54, 0x3f,
  0x7d, 0x0f, 0x7f, 0x03, 0x30, 0xe0, 0x05, 0x12, 0x7b, 0xeb, 0x80, 0x03, 0x12,
  0x7c, 0x22, 0x90, 0xc9, 0x8a, 0xe0, 0x30, 0xe0, 0x2c, 0xc3, 0x13, 0x20, 0xe0,
  0x27, 0x12, 0xb7, 0x8a, 0x30, 0xe0, 0x39, 0x7d, 0x08, 0x7f, 0x01, 0x12, 0x7b,
  0xf9, 0x90, 0xc9, 0x8b, 0xe0, 0xc4, 0x13, 0x12, 0xc7, 0x36, 0x90, 0xae, 0x5b,
  0xf0, 0xe4, 0xa3, 0xf0, 0xfb, 0x7d, 0x01, 0x7f, 0x68, 0x7e, 0x01, 0x02, 0x66,
  0xc8, 0x90, 0xc9, 0x8a, 0xe0, 0x20, 0xe0, 0x11, 0xc3, 0x13, 0x20, 0xe0, 0x0c,
  0x7d, 0x08, 0x7f, 0x01, 0x12, 0x7c, 0x2f, 0x90, 0x01, 0x6b, 0xe4, 0xf0, 0x22,
  0x12, 0x02, 0x06, 0xfe, 0xc4, 0x13, 0x54, 0x07, 0xff, 0x90, 0xcd, 0x6b, 0xb1,
  0xac, 0x7b, 0x01, 0x12, 0xa9, 0x40, 0x90, 0xcd, 0x6b, 0x12, 0xad, 0x8f, 0xc0,
  0x83, 0xc0, 0x82, 0x12, 0x86, 0x49, 0xc0, 0x00, 0xc0, 0x01, 0xc0, 0x02, 0xc0,
  0x03, 0x90, 0xcd, 0x6c, 0x12, 0x9f, 0xdd, 0x80, 0x05, 0xc3, 0x33, 0xce, 0x33,
  0xce, 0xd8, 0xf9, 0x12, 0x9f, 0xd2, 0xd0, 0x03, 0xd0, 0x02, 0xd0, 0x01, 0xd0,
  0x00, 0x12, 0x86, 0x2e, 0xd0, 0x82, 0xd0, 0x83, 0x12, 0x9e, 0xa2, 0x12, 0xaf,
  0x8f, 0xc0, 0x04, 0xc0, 0x06, 0xc0, 0x07, 0x90, 0xcd, 0x6b, 0x12, 0x9e, 0x7e,
  0xd0, 0x07, 0xd0, 0x06, 0xd0, 0x04, 0x02, 0x04, 0xe0, 0xf0, 0xee, 0x54, 0x1f,
  0xfe, 0xa3, 0xf0, 0xfd, 0x22, 0xab, 0x68, 0xaa, 0x69, 0xa9, 0x6a, 0x90, 0x00,
  0x02, 0x12, 0x03, 0x74, 0xff, 0xae, 0xf0, 0x12, 0x03, 0x49, 0x2f, 0xff, 0xe5,
  0xf0, 0x3e, 0xfe, 0x90, 0x00, 0x04, 0x12, 0x03, 0x74, 0x2f, 0xff, 0xee, 0x35,
  0xf0, 0xfe, 0x90, 0x00, 0x06, 0x12, 0x03, 0x74, 0x2f, 0xff, 0xee, 0x35, 0xf0,
  0x22, 0x12, 0x03, 0x49, 0xff, 0x90, 0xcc, 0x7c, 0xe5, 0xf0, 0xf0, 0xa3, 0xef,
  0xf0, 0x90, 0x00, 0x02, 0x12, 0x03, 0x74, 0xff, 0x90, 0xcc, 0x7e, 0xe5, 0xf0,
  0xf0, 0xa3, 0xef, 0xf0, 0x90, 0x00, 0x04, 0x12, 0x03, 0x74, 0xff, 0x90, 0xcc,
  0x80, 0xe5, 0xf0, 0xf0, 0xa3, 0xef, 0xf0, 0x90, 0x00, 0x06, 0x12, 0x03, 0x74,
  0xff, 0x90, 0xcc, 0x82, 0xe5, 0xf0, 0xf0, 0xa3, 0xef, 0xf0, 0x22, 0x90, 0xcc,
  0x7c, 0xe5, 0x6b, 0xf0, 0xa3, 0xe5, 0x6c, 0xf0, 0xe5, 0x6b, 0x13, 0xa3, 0xf0,
  0xe5, 0x6c, 0x13, 0xa3, 0xf0, 0x90, 0x00, 0x06, 0x12, 0x03, 0x74, 0xff, 0xae,
  0xf0, 0x90, 0x00, 0x08, 0x02, 0x03, 0x74, 0x90, 0x05, 0x63, 0xe0, 0x90, 0xa7,
  0x5f, 0xf0, 0x90, 0x05, 0x62, 0xe0, 0x90, 0xa7, 0x60, 0xf0, 0x90, 0x05, 0x61,
  0xe0, 0x90, 0xa7, 0x61, 0xf0, 0x90, 0x05, 0x60, 0xe0, 0x90, 0xa7, 0x62, 0xf0,
  0x90, 0xa5, 0xf3, 0xe0, 0x44, 0x80, 0xf0, 0x22, 0xf5, 0x83, 0xe0, 0xfc, 0xa3,
  0xe0, 0xfd, 0xd3, 0x9f, 0xec, 0x9e, 0x22, 0x90, 0x89, 0x02, 0x75, 0xf0, 0x18,
  0xef, 0x12, 0x86, 0x55, 0xee, 0x75, 0xf0, 0x18, 0xa4, 0x25, 0x83, 0xf5, 0x83,
  0x22, 0x90, 0x00, 0x04, 0x02, 0x03, 0x74, 0xe0, 0xfe, 0xa3, 0xe0, 0xff, 0xc3,
  0x74, 0xff, 0x9f, 0xff, 0x74, 0xff, 0x9e, 0xfe, 0xe5, 0x63, 0x22, 0x75, 0xf0,
  0x04, 0xe5, 0x75, 0x90, 0xc6, 0xea, 0x02, 0x86, 0x55, 0x90, 0x00, 0x06, 0x02,
  0x03, 0x74, 0xe0, 0x90, 0x01, 0xba, 0xf0, 0x90, 0xa5, 0xf9, 0xe0, 0x90, 0x01,
  0xbb, 0x22, 0xe0, 0xfe, 0xa3, 0xe0, 0xff, 0xed, 0x2f, 0xff, 0xec, 0x3e, 0xfe,
  0x22, 0x74, 0x21, 0x2f, 0xf5, 0x82, 0xe4, 0x34, 0xfc, 0xf5, 0x83, 0xe0, 0x22,
  0xe0, 0x90, 0xca, 0x54, 0xf0, 0xe0, 0xff, 0x54, 0x7f, 0xfe, 0x22, 0x2f, 0xf5,
  0x82, 0xe4, 0x34, 0x04, 0xf5, 0x83, 0xee, 0xf0, 0x22, 0xaf, 0x75, 0x12, 0xa9,
  0x40, 0x75, 0xf0, 0x04, 0xe5, 0x75, 0x22, 0xe4, 0x90, 0xae, 0x5b, 0xf0, 0x90,
  0xc9, 0x8f, 0x22, 0x90, 0xca, 0x56, 0xe0, 0xff, 0xc3, 0x94, 0x0c, 0x22, 0x90,
  0xcd, 0x31, 0xe0, 0xff, 0xa3, 0xe0, 0xfd, 0x22, 0x90, 0xa7, 0x78, 0xe0, 0xc4,
  0x13, 0x54, 0x07, 0x22, 0x25, 0xe0, 0xff, 0xe5, 0xf0, 0x33, 0xfe, 0x22, 0x12,
  0x86, 0x55, 0xe0, 0xfb, 0xe4, 0xfd, 0x22, 0x90, 0xca, 0x47, 0xe0, 0xfe, 0xa3,
  0xe0, 0x22, 0xf0, 0xfc, 0x75, 0xf0, 0x12, 0xe5, 0x70, 0x22, 0xf0, 0xfd, 0x75,
  0xf0, 0x18, 0xe5, 0x70, 0x22, 0xe0, 0xff, 0x90, 0xcd, 0x31, 0xe0, 0xfe, 0x22,
  0x7d, 0x6f, 0x7f, 0xff, 0x02, 0x05, 0x71, 0x90, 0xa7, 0x74, 0xe0, 0xc4, 0x54,
  0x0f, 0x22, 0x90, 0x05, 0x00, 0x74, 0x1c, 0xf0, 0xa3, 0x22, 0x00, 0x5a, 0x8b};
